company_name,city,state,current_employees,last_employees,employee_growth,founded,total_funding,linkedin_url,url
Navan,Palo Alto,CA,2555,2323,10.01,2015,0,http://www.linkedin.com/company/navan,navan.com
Dellfer,San Mateo,CA,13,17,-25,2016,10000000,http://www.linkedin.com/company/dellfer,dellfer.com
Gtriip,San Francisco,CA,13,26,-52,2014,0,http://www.linkedin.com/company/gtriip,gtriip.com
Akuity,Sunnyvale,CA,32,22,42.86,2021,0,http://www.linkedin.com/company/akuityio,akuity.io
Arcjet,San Francisco,CA,10,7,42.86,2023,0,http://www.linkedin.com/company/arcjet,arcjet.com
UpdateAI,Los Angeles,CA,20,24,-17.39,2020,5650000,http://www.linkedin.com/company/update-ai,update.ai
Fuel Cycle,Los Angeles,CA,162,161,0.63,2005,0,http://www.linkedin.com/company/fuelcycle,fuelcycle.com
Iterative,San Francisco,CA,41,52,-21.57,2018,0,http://www.linkedin.com/company/iterative-ai,iterative.ai
Arkestro,San Francisco,CA,104,78,33.78,2017,0,http://www.linkedin.com/company/get-arkestro,arkestro.com
LawPro.ai,Los Angeles,CA,11,2,450,2023,0,http://www.linkedin.com/company/lawpro-ai,lawpro.ai
Revyl (YC F24),San Francisco,CA,6,,,2024,0,http://www.linkedin.com/company/revylai,revyl.ai
Uniform,San Francisco,CA,131,126,3.23,2020,0,http://www.linkedin.com/company/uniformdev,uniform.dev
Parangat Technologies,San Francisco,CA,95,112,-15.18,2010,0,http://www.linkedin.com/company/parangat-technologies,parangat.com
Pitney Bowes,San Diego,CA,,,,,0,http://www.linkedin.com/company/pitney-bowes-service-inc,pitneybowes.com/us
Quilter,Los Angeles,CA,30,28,7.41,2019,40400000,http://www.linkedin.com/company/quilterai,quilter.ai
Inscope,San Francisco,CA,11,7,57.14,2023,0,http://www.linkedin.com/company/inscopehq,inscopehq.com
OmniML,San Jose,CA,4,20,-78.95,2021,0,http://www.linkedin.com/company/omniml,omniml.ai
Everlance,San Francisco,CA,61,62,-1.64,2015,0,http://www.linkedin.com/company/everlance,everlance.com
Astra Finance,Menlo Park,CA,26,23,13.64,2016,15000000,http://www.linkedin.com/company/astrainc,astra.finance
Salsa,San Francisco,CA,64,38,69.44,2021,30000000,http://www.linkedin.com/company/salsa-dev,salsa.dev
MANUFACTURO,Brea,CA,62,37,69.44,,0,http://www.linkedin.com/company/manufacturo-com,manufacturo.com
Seel,San Francisco,CA,95,77,24,2019,0,http://www.linkedin.com/company/addseel,seel.com
System 9,Los Angeles,CA,26,30,-13.79,2017,0,http://www.linkedin.com/company/system9,system9.io
Heart To Heart,Los Angeles,CA,20,27,-26.92,2021,0,http://www.linkedin.com/company/heart-to-heart-tech-inc,h2haudiodating.com
Humankind,Santa Monica,CA,23,25,-8.33,2021,0,http://www.linkedin.com/company/humankindtechnologies,hubs.ly/q015psy-0
Sprinto,San Francisco,CA,376,260,44.71,2020,0,http://www.linkedin.com/company/sprinto-com,sprinto.com
SecurityPal,San Francisco,CA,219,146,50.36,2020,0,http://www.linkedin.com/company/securitypalhq,securitypalhq.com
React,Menlo Park,CA,181,143,26.43,2013,0,http://www.linkedin.com/company/reactofficial,reactjs.org
Adastec Corp.,San Francisco,CA,84,74,12.33,2018,0,http://www.linkedin.com/company/adastec,adastec.com
Firework,San Mateo,CA,439,441,-0.48,2017,0,http://www.linkedin.com/company/fireworkhq,firework.com
Cargo (YC S23),San Francisco,CA,59,42,41.46,,0,http://www.linkedin.com/company/cargo-hq,getcargo.io
Summit Wealth Systems,San Francisco,CA,30,22,38.1,2019,0,http://www.linkedin.com/company/summit-wealth-systems,summitwealth.io
Certinia,San Jose,CA,881,834,5.62,2009,508000000,http://www.linkedin.com/company/certinia,certinia.com
Brightback,San Francisco,CA,6,6,0,2018,0,http://www.linkedin.com/company/brightback,brightback.com
Track3D,Milpitas,CA,82,74,9.59,2022,6380000,http://www.linkedin.com/company/track3dai,track3d.ai
UpKeep,Los Angeles,CA,146,137,6.72,2014,0,http://www.linkedin.com/company/on-upkeep,upkeep.com
UpUdate,San Francisco,CA,2,2,0,2017,700000,http://www.linkedin.com/company/upudate-inc,upudate.com
Ensemble AI,San Francisco,CA,10,6,66.67,2023,0,http://www.linkedin.com/company/ensembleai,ensemblecore.ai
Oda Studio,Los Angeles,CA,27,36,-23.53,2019,0,http://www.linkedin.com/company/odastudioapp,studio.odaportal.com
Securiti,San Jose,CA,1018,808,26.01,2019,0,http://www.linkedin.com/company/securitiai,securiti.aiexternal
GLASS,San Francisco,CA,64,18,250,2017,0,http://www.linkedin.com/company/glass-ecosystems,commerce.glass
Sparrow,San Francisco,CA,192,119,60.68,2018,0,http://www.linkedin.com/company/trysparrowhq,trysparrow.com
Pangea,Palo Alto,CA,61,56,9.43,2021,51000000,http://www.linkedin.com/company/pangea-cyber,pangea.cloud
SuperRare Labs,San Diego,CA,68,84,-18.29,2018,0,http://www.linkedin.com/company/superrarelabs,superrare.com
Safary,San Francisco,CA,44,43,2.38,2022,2400000,http://www.linkedin.com/company/safaryclub,safary.club
Heliux,San Francisco,CA,8,6,33.33,2023,0,http://www.linkedin.com/company/heliux,heliux.com
mymeet.ai,Palo Alto,CA,9,6,50,2023,0,http://www.linkedin.com/company/mymeet-ai,mymeet.ai
TrueFoundry,San Francisco,CA,69,42,65,2021,19000000,http://www.linkedin.com/company/truefoundry,truefoundry.com
acquire.com,San Francisco,CA,59,41,45,,0,http://www.linkedin.com/company/acquiredotcom,acquire.com
Compiify,San Francisco,CA,18,4,325,2023,0,http://www.linkedin.com/company/compiify,compiify.com
nurdsoft,Los Angeles,CA,28,18,50,2022,0,http://www.linkedin.com/company/nurdsoft,nurdsoft.co
Session AI,,CA,149,125,18.7,2014,0,http://www.linkedin.com/company/session-ai,sessionai.com
FlashGrid,Sunnyvale,CA,17,18,-5.56,2015,0,http://www.linkedin.com/company/flashgrid,flashgrid.io
The Modern Data Company,San Mateo,CA,135,123,9.09,2018,0,http://www.linkedin.com/company/themoderndatacompany,themoderndatacompany.com
Cadence System Design and Analysis,San Jose,CA,73,59,24.14,1985,0,http://www.linkedin.com/company/cadencesda,cadence.com/content/cadence-www/global/en_us/home/tools/pcb-design-and-analysis.html
GoContact,Los Angeles,CA,172,197,-12.44,2010,0,http://www.linkedin.com/company/gocontact,gocontact.com
Whova,San Diego,CA,225,166,35.58,,0,http://www.linkedin.com/company/whova,whova.com/jobs
Loop Crypto,San Francisco,CA,7,3,133.33,,0,http://www.linkedin.com/company/loop-crypto,loopcrypto.xyz
Gigs,Los Angeles,CA,16,12,36.36,2022,0,http://www.linkedin.com/company/gogetgigs,getgigs.coexternal
ReadMe,San Francisco,CA,72,67,7.58,,0,http://www.linkedin.com/company/readme,readme.com
Bevz,Los Angeles,CA,34,38,-11.11,2019,10200000,http://www.linkedin.com/company/bevz,bevz.com
Signadot,San Mateo,CA,8,5,60,,0,http://www.linkedin.com/company/signadot,signadot.com
MSBAI (Techstars '20),Los Angeles,CA,19,19,0,2017,0,http://www.linkedin.com/company/msbai,msb.ai
Alix,San Francisco,CA,28,28,0,2022,5500000,http://www.linkedin.com/company/meetalix,meetalix.com
Contra,San Francisco,CA,481,333,44.79,2019,0,http://www.linkedin.com/company/contrahq,c87.to/3svtwmt
BioticsAI,San Francisco,CA,8,5,60,,0,http://www.linkedin.com/company/bioticsai,biotics.ai
Resulticks,San Fransisco,CA,361,296,21.95,2012,0,http://www.linkedin.com/company/resulticks,resulticks.com
Alchemy Cloud,San Francisco,CA,67,70,-4.35,2017,0,http://www.linkedin.com/company/alchemycloud,alchemy.cloud
Kojo (formerly Agora),,CA,141,123,14.05,2018,0,http://www.linkedin.com/company/kojotechnologies,helloagora.com
Werk,San Francisco,CA,128,94,35.87,,0,http://www.linkedin.com/company/usewerk,usewerk.com
Algorized,Berkeley,CA,10,4,150,2023,0,http://www.linkedin.com/company/algorized,algorized.com
RKVST,Santa Clara,CA,35,38,-8.33,2018,7500000,http://www.linkedin.com/company/rkvst,rkvst.com
Finxera,San Jose,CA,247,211,16.91,2008,0,http://www.linkedin.com/company/bancbox,cftpay.com
Queenly,San Francisco,CA,20,27,-26.92,2019,9400000,http://www.linkedin.com/company/queenly,queenly.com
Trunk,San Francisco,CA,75,61,22.41,2021,28500000,http://www.linkedin.com/company/trunkio,trunk.io
Afresh,San Francisco,CA,196,206,-4.95,2017,0,http://www.linkedin.com/company/afreshtechnologies,afresh.com
Mindy,San Francisco,CA,15,18,-16.67,2023,6000000,http://www.linkedin.com/company/mindy-ai,mindy.com
Lightspark,Los Angeles,CA,80,50,58.33,2022,0,http://www.linkedin.com/company/lightspark-group,lightspark.com
PICO XR,Mountain View,CA,176,141,25.36,2015,0,http://www.linkedin.com/company/picoxr,picoxr.com
ON,San Francisco,CA,,,,2014,0,http://www.linkedin.com/company/on-platform,onplatform.com
Overclock Labs creators of Akash Network,San Francisco,CA,110,101,9.09,2015,0,http://www.linkedin.com/company/akash-network,akash.network
HP Wolf Security,Palo Alto,CA,93,75,22.97,,0,http://www.linkedin.com/company/hpwolfsecurity,hp.com/wolf
SapientAI,Mountain View,CA,17,13,33.33,2023,0,http://www.linkedin.com/company/sapient-ai,sapient.ai
Goldenset Collective,Los Angeles,CA,4,4,0,2022,0,http://www.linkedin.com/company/goldenset,goldenset.com
Continu,San Francisco,CA,45,56,-18.87,2012,0,http://www.linkedin.com/company/continu-inc,continu.com
Sommelier Finance,San Francisco,CA,21,28,-25.93,2021,0,http://www.linkedin.com/company/sommelier-finance,sommelier.finance
Farm-ng,Watsonville,CA,34,29,17.86,2020,16200000,http://www.linkedin.com/company/farm-ng,store.farm-ng.com
Crstl,San Francisco,CA,14,13,8.33,2021,0,http://www.linkedin.com/company/crstl,crstl.so
Klarity Health,Redwood City,CA,83,77,8.22,,11000000,http://www.linkedin.com/company/klarity-health,helloklarity.com
Azilen Technologies,San Francisco,CA,392,350,12,2009,0,http://www.linkedin.com/company/azilen-technologies-pvt-ltd,azilen.com
Cartwheel,Los Angeles,CA,29,29,0,2020,0,http://www.linkedin.com/company/trycartwheel,trycartwheel.com
AlohaABA,Los Angeles,CA,18,10,80,2015,0,http://www.linkedin.com/company/alohaaba,alohaaba.com
VRChat,San Francisco,CA,165,117,40.87,2014,0,http://www.linkedin.com/company/vrchat,vrchat.com
Dayslice,San Francisco,CA,6,12,-45.45,2021,0,http://www.linkedin.com/company/dayslice,dayslice.com
Pine Street Labs,San Francisco,CA,8,8,0,,0,http://www.linkedin.com/company/pine-street-labs,pinestreetlabs.com
Resend,San Francisco,CA,37,15,150,2023,21500000,http://www.linkedin.com/company/resend,resend.com
Haystack,Los Angeles,CA,52,42,24.39,2019,0,http://www.linkedin.com/company/gohaystack,haystackteam.com/demo-request
Markovate,San Francisco,CA,53,37,44.44,2015,0,http://www.linkedin.com/company/markovate,markovate.com
Insightful,San Francisco,CA,92,77,20,2015,0,http://www.linkedin.com/company/insightfulio,insightful.io
Amaze,San Francisco,CA,101,84,20.73,2011,0,http://www.linkedin.com/company/amazeanywhere,amaze.co
Adobe Learning Manager,San Jose,CA,99,79,25.97,1982,0,http://www.linkedin.com/company/adobe-learning-manager,business.adobe.com/products/learning-manager/adobe-learning-manager.html
Turn/River Capital,San Francisco,CA,74,47,56.52,,0,http://www.linkedin.com/company/turn-river-capital,turnriver.com
HappyFox,Irvine,CA,134,125,7.44,2011,0,http://www.linkedin.com/company/happyfox-inc-,happyfox.com
MagicBell,San Francisco,CA,5,6,-16.67,2020,0,http://www.linkedin.com/company/magicbell,magicbell.com
SINAI Technologies,San Francisco,CA,52,69,-25.37,2017,0,http://www.linkedin.com/company/sinai-technologies-inc,sinaitechnologies.com
Regard,Los Angeles,CA,93,72,28.99,2016,84300000,http://www.linkedin.com/company/regard-technologies,withregard.com
Rollup,Los Angeles,CA,10,18,-44.44,2021,0,http://www.linkedin.com/company/rollup-inc,rollup.ai
Infinity AI,San Francisco,CA,3,6,-50,,0,http://www.linkedin.com/company/infinityai,infinity.ai
AiFlow (YC W23),San Francisco,CA,3,3,0,2022,0,http://www.linkedin.com/company/aiflow-inc,aiflow.solutions
TadHealth,Irvine,CA,18,13,38.46,2021,0,http://www.linkedin.com/company/tadhealth,gettadhealth.com
Samsung Research America (SRA),Mountain View,CA,776,633,22.54,1988,0,http://www.linkedin.com/company/sra-samsungreasearchamerica,sra.samsung.com
AGORUS,San Diego,CA,54,45,18.6,2018,0,http://www.linkedin.com/company/agorus,agorus.com
OurSky,Los Angeles,CA,7,10,-30,,0,http://www.linkedin.com/company/oursky-ai,oursky.ai
CamerEye,San Diego,CA,12,8,37.5,2020,0,http://www.linkedin.com/company/camereye,camereye.ai
WEEDAR,Los Angeles,CA,19,9,100,,0,http://www.linkedin.com/company/weedar-app,weedar.io
iBASEt,Lake Forest,CA,301,310,-2.96,1986,0,http://www.linkedin.com/company/ibaset,ibaset.com
Parcha,San Francisco,CA,15,14,7.14,,6750000,http://www.linkedin.com/company/parcha-ai,parcha.com
Alltius,Los Angeles,CA,36,38,-5.56,2022,2400000,http://www.linkedin.com/company/alltius,alltius.ai
The Eighth Notch Inc. (T8N),Alamo,CA,7,7,0,,0,http://www.linkedin.com/company/t8notch,t8notch.com
Devtech,San Francisco,CA,289,292,-1.05,2012,0,http://www.linkedin.com/company/devtech,devtechgroup.com
Frontier,San Francisco,CA,106,102,4,2019,0,http://www.linkedin.com/company/befrontier,befrontier.com
Telmai,San Francisco,CA,14,14,0,2021,8590000,http://www.linkedin.com/company/telmai,telm.ai
Umami,San Francisco,CA,13,12,9.09,2022,0,http://www.linkedin.com/company/umami-software,umami.is
Cynthia.io,Agoura Hills,CA,6,6,0,2021,0,http://www.linkedin.com/company/cynthia-io,cynthia.io
Tungsten Automation,,CA,797,541,47.36,,0,http://www.linkedin.com/company/tungstenautomation,tungstenautomation.com
Storylane,San Francisco,CA,49,40,23.08,2021,0,http://www.linkedin.com/company/storylane-io,storylane.io
Notivize,Palo Alto,CA,2,5,-60,2019,0,http://www.linkedin.com/company/notivize,notivize.com
CAKE.com,Palo Alto,CA,435,301,44.41,2009,0,http://www.linkedin.com/company/cake-dot-com,cake.com
Clazar,San Francisco,CA,79,41,92.5,2023,14000000,http://www.linkedin.com/company/clazar,clazar.io
BRM,San Francisco,CA,43,32,35.48,2022,21600000,http://www.linkedin.com/company/brm-labs,brmlabs.com
Reworkd AI,San Francisco,CA,16,8,87.5,,4500000,http://www.linkedin.com/company/reworkd,reworkd.ai
Predibase,San Francisco,CA,35,33,6.45,,28400000,http://www.linkedin.com/company/predibase,predibase.com
Portal Labs,San Francisco,CA,18,5,240,2021,0,http://www.linkedin.com/company/portal-labs-inc,portalhq.io
Cognixion,Santa Barbara,CA,38,49,-23.4,2014,14800000,http://www.linkedin.com/company/cognixion,one.cognixion.com
Fyxt,Los Angeles,CA,21,27,-23.08,2017,0,http://www.linkedin.com/company/fyxt,fyxt.com
Zitara Technologies,San Francisco,CA,40,49,-19.15,,0,http://www.linkedin.com/company/zitara-technologies,zitara.io
Locker,Los Angeles,CA,56,44,27.91,2020,3500000,http://www.linkedin.com/company/wantlocker,wantlocker.com
Project Empower,San Diego,CA,66,44,51.16,2022,0,http://www.linkedin.com/company/project-empower-io,projectempower.io
CelerData,San Francisco,CA,75,74,1.37,2020,0,http://www.linkedin.com/company/celerdata,celerdata.com
DataGPT,San Francisco,CA,15,22,-31.82,2021,11900000,http://www.linkedin.com/company/datagpt-analytics,datagpt.com
Invector,San Francisco,CA,12,12,0,,0,http://www.linkedin.com/company/getinvector,invector.co
MeetRecord,San Francisco,CA,26,6,316.67,2022,3100000,http://www.linkedin.com/company/meetrecord,meetrecord.com
OneSchema,San Francisco,CA,17,14,23.08,2021,0,http://www.linkedin.com/company/oneschema,oneschema.co
Seam AI,San Francisco,CA,19,17,11.76,,0,http://www.linkedin.com/company/seamai,getseam.ai
Tendril,Long Beach,CA,61,51,18.37,2020,800000,http://www.linkedin.com/company/tendrilllc,tendril.us
Kommo,San Francisco,CA,335,281,19.27,2009,0,http://www.linkedin.com/company/kommo,kommo.com
Nyckel,San Diego,CA,4,3,33.33,2021,0,http://www.linkedin.com/company/nyckelai,nyckel.com
MarkovML,San Francisco,CA,37,24,50,2021,0,http://www.linkedin.com/company/markov-ml,app.markovml.com/signup
Fluxon,San Francisco,CA,150,101,48.48,,0,http://www.linkedin.com/company/fluxon,fluxon.com
DEUNA,Palo Alto,CA,132,104,27.27,2020,0,http://www.linkedin.com/company/de-una,deuna.com
Podqi,San Francisco,CA,5,3,66.67,,0,http://www.linkedin.com/company/podqi,podqi.com
Auradine,Santa Clara,CA,77,60,28.07,,343000000,http://www.linkedin.com/company/auradine,auradine.com
Coda,San Francisco,CA,294,312,-5.88,2014,0,http://www.linkedin.com/company/codainc,coda.io/evolution
Samasource,San Francisco,CA,3873,3564,8.69,2008,84800000,http://www.linkedin.com/company/samasource,samasource.com
NVISIONx,Santa Monica,CA,12,8,37.5,2018,0,http://www.linkedin.com/company/nvisnx,nvisionx.ai
Nash,San Francisco,CA,82,67,21.88,,0,http://www.linkedin.com/company/usenash,usenash.com
OneCrew,San Francisco,CA,14,11,27.27,,5500000,http://www.linkedin.com/company/getonecrew,getonecrew.com
Quolum,Dublin,CA,38,35,8.82,2019,0,http://www.linkedin.com/company/quolum,quolum.com
Orbee,Irvine,CA,77,71,7.35,2015,10300000,http://www.linkedin.com/company/orbee,orbee.com
Chameleon,San Francisco,CA,83,83,0,2015,0,http://www.linkedin.com/company/chameleon-io,chameleon.io
Subskribe,San Ramon,CA,38,42,-10,2020,0,http://www.linkedin.com/company/subskribe,subskribe.com
Stackwatch creators of Kubecost,San Francisco,CA,82,66,23.81,2019,0,http://www.linkedin.com/company/stackwatch,kubecost.com
Near,Pasadena,CA,436,381,14.17,2012,0,http://www.linkedin.com/company/-near,near.com
ILUMA,San Francisco,CA,6,12,-45.45,,0,http://www.linkedin.com/company/ilumaxyz,iluma.xyz
Inclined,San Francisco,CA,28,25,12.5,2020,23400000,http://www.linkedin.com/company/inclined-tech,inclined.com
Circle Security,San Francisco,CA,19,16,20,2021,0,http://www.linkedin.com/company/circlesecurity,circlesecurity.ai
Cyclotron,San Francisco,CA,211,171,23.21,2014,0,http://www.linkedin.com/company/cyclotron-inc-,cyclotron.com
Guardrails AI,Menlo Park,CA,10,11,-9.09,2023,0,http://www.linkedin.com/company/guardrailsai,guardrailsai.com
Caldera,San Francisco,CA,28,10,170,2022,24000000,http://www.linkedin.com/company/calderaxyz,caldera.xyz
Vesta,San Francisco,CA,78,61,27.59,2020,0,http://www.linkedin.com/company/usevesta,usevesta.com
Rev.com,San Francisco,CA,4313,4360,-1.06,2010,30500000,http://www.linkedin.com/company/rev-com,rev.com
Highway Benefits,Manhattan Beach,CA,8,5,60,2021,0,http://www.linkedin.com/company/highway-benefits,highwaybenefits.com
Pando,San Francisco,CA,19,27,-30.77,2020,0,http://www.linkedin.com/company/pando-hq,pando.com
Surge AI,San Francisco,CA,116,82,42.5,2020,0,http://www.linkedin.com/company/surge-ai,surgehq.ai
Anrok,San Francisco,CA,90,54,68.63,,51900000,http://www.linkedin.com/company/anrok,anrok.com
Aesthetic,San Francisco,CA,13,18,-23.53,2018,0,http://www.linkedin.com/company/useaesthetic,aesthetic.com
YepChat,Los Angeles,CA,29,15,86.67,2015,0,http://www.linkedin.com/company/yepchat,yepchat.com
Typesafe (now Lightbend),San Francisco,CA,21,22,-4.76,2011,0,http://www.linkedin.com/company/typesafe,lightbend.com
Calyptia,San Francisco,CA,25,22,14.29,2020,0,http://www.linkedin.com/company/calyptia,calyptia.com
tap.,Santa Monica,CA,29,43,-31.71,2019,0,http://www.linkedin.com/company/tap-ec,tap.ec
DroneDeploy,San Francisco,CA,296,228,29.46,,0,http://www.linkedin.com/company/dronedeploy,bit.ly/3wg4dhe
Insightly Analytics,San Francisco,CA,23,14,69.23,2021,0,http://www.linkedin.com/company/insightly-analytics,insightly.ai
QLU.ai,San Francisco,CA,90,42,114.29,2020,0,http://www.linkedin.com/company/qlu-ai,qlu.ai
Edge and Node,San Francisco,CA,63,60,5.08,2021,0,http://www.linkedin.com/company/edgeandnode,edgeandnode.com
Kaedim,San Francisco,CA,66,40,66.67,2020,15200000,http://www.linkedin.com/company/kaedim,kaedim3d.com
Paravision,San Francisco,CA,54,55,-1.85,2013,0,http://www.linkedin.com/company/paravision-ai,paravision.ai
StyleScan,Los Angeles,CA,9,12,-18.18,2018,0,http://www.linkedin.com/company/stylescan,stylescan.com
Moonhub,San Francisco,CA,29,19,47.37,2021,0,http://www.linkedin.com/company/moon-hub,moonhub.ai
Erbis,Oakland,CA,73,85,-13.25,2012,0,http://www.linkedin.com/company/erbis-software-development,erbis.com
hireEZ (previously Hiretual),Mountain View,CA,258,329,-21.41,2015,0,http://www.linkedin.com/company/hireez,hireez.com
PhaseZero.ai,Los Altos,CA,63,47,34.78,2015,0,http://www.linkedin.com/company/phasezeroai,phasezero.ai
Moonsense,San Francisco,CA,2,12,-81.82,2021,0,http://www.linkedin.com/company/moonsense,moonsense.io
Nostra,San Francisco,CA,48,49,-2.08,2020,19700000,http://www.linkedin.com/company/nostraai,nostra.ai
Dynamoid,Oakland,CA,3,3,0,2013,0,http://www.linkedin.com/company/dynamoid,dynamoid.com
EvaBot,San Fracisco,CA,44,53,-17.31,2017,0,http://www.linkedin.com/company/evabot,evabot.com
The New Computer Corporation,Los Angeles,CA,15,14,7.69,,0,http://www.linkedin.com/company/thenewcomputercorporation,ncc.la
BoomPop,San Francisco,CA,111,66,68.25,,0,http://www.linkedin.com/company/boompop,boompop.com
zarta,San Mateo,CA,2,4,-50,2022,0,http://www.linkedin.com/company/zarta,zarta.com
Faros AI,San Francisco,CA,43,39,10.81,2019,39800000,http://www.linkedin.com/company/faros-ai,faros.ai
Ganymede,Palo Alto,CA,62,56,11.32,2022,15200000,http://www.linkedin.com/company/ganymede-inc,ganymede.bio
Resume,San Francisco,CA,99,70,40.58,2021,0,http://www.linkedin.com/company/resume-inc,resumeinc.com
Flywheel Software,San Francisco,CA,79,67,16.67,,0,http://www.linkedin.com/company/flywheelsoftware,flywheelsoftware.com
Scale3,San Francisco,CA,16,13,25,2022,0,http://www.linkedin.com/company/scale3labs,scale3labs.com
Galvanick,Los Angeles,CA,20,16,26.67,2021,16000000,http://www.linkedin.com/company/galvanick,galvanick.com
Boulevard,Los Angeles,CA,408,317,28.62,2016,0,http://www.linkedin.com/company/boulevard,joinblvd.com
Checkmate,San Francisco,CA,81,45,79.07,2020,0,http://www.linkedin.com/company/checkmate-savings,joincheckmate.com
Pirros,Los Angeles,CA,16,12,36.36,2022,0,http://www.linkedin.com/company/pirros,pirros.io/lib
Closeloop Technologies,Palo Alto,CA,75,65,15.63,2011,0,http://www.linkedin.com/company/closeloop-inc-,closeloop.com
iCloud-Ready,San Francisco,CA,31,8,275,2021,0,http://www.linkedin.com/company/icloud-ready,icloud-ready.com
Fractl,Cupertino,CA,7,7,0,2022,0,http://www.linkedin.com/company/fractl-io,fractl.io
Valid,San Francisco,CA,13,9,44.44,,6860000,http://www.linkedin.com/company/validco,valid.co
GrowthLoop (Flywheel),San Francisco,CA,84,61,36.67,,0,http://www.linkedin.com/company/growthloop-co,growthloop.com
MSA SOFTWARE,los angeles,CA,17,13,30.77,2020,0,http://www.linkedin.com/company/msa-software,msasoftware.us
Algolia,San Francisco,CA,839,843,-0.5,2012,334200000,http://www.linkedin.com/company/algolia,algolia.com
RisingWave Labs,San Francisco,CA,50,44,14.29,2021,0,http://www.linkedin.com/company/risingwave-labs,risingwave.com
BoostDraft,San Francisco,CA,32,14,121.43,2021,0,http://www.linkedin.com/company/boostdraft,boostdraft.com
Fiverr Enterprise,Palo Alto,CA,115,84,37.8,2019,0,http://www.linkedin.com/company/fiverrenterprise,enterprise.fiverr.com
Chisel,San Francisco,CA,35,24,41.67,2021,0,http://www.linkedin.com/company/chisellabs,chisellabs.com
Facet,San Francisco,CA,26,17,56.25,,,http://www.linkedin.com/company/facetai,facet.ai
Onehouse,Menlo Park,CA,85,67,26.56,2021,68000000,http://www.linkedin.com/company/onehousehq,onehouse.ai
Pequity,San Francisco,CA,40,45,-11.36,2019,0,http://www.linkedin.com/company/getpequity,pequity.com
Voxela,San Francisco,CA,9,11,-10,2021,0,http://www.linkedin.com/company/voxela-inc,voxela.ai
Ottr Finance,San Francisco,CA,5,7,-28.57,2022,0,http://www.linkedin.com/company/ottrfinance,ottr.finance
conexio,Los Angeles,CA,91,96,-5.32,,0,http://www.linkedin.com/company/conexiocx,conexiogroup.com
Phyllo,San Francisco,CA,85,87,-2.35,2021,0,http://www.linkedin.com/company/getphyllo,getphyllo.com
Shypyard,Los Angeles,CA,15,18,-17.65,,0,http://www.linkedin.com/company/shypyard,shypyard.com
CUBE,Gurugram,CA,69,47,47.83,,0,http://www.linkedin.com/company/cube-ms,cube.ms
Swit,San Francisco,CA,171,175,-2.33,2018,0,http://www.linkedin.com/company/getswit,swit.io
Novity,San Carlos,CA,8,17,-52.94,2022,0,http://www.linkedin.com/company/novity-pdm,novity.us
KIKI,Los Angeles,CA,31,19,57.89,,0,http://www.linkedin.com/company/kikiworld,launch.kiki.world
Mat3ra.com,San Francisco,CA,7,6,16.67,2014,0,http://www.linkedin.com/company/mat3ra,mat3ra.com
DocSpera,Sunnyvale,CA,23,25,-8.33,2014,0,http://www.linkedin.com/company/docspera,docspera.com
yurts ai,San Francisco,CA,65,36,82.35,2022,0,http://www.linkedin.com/company/yurtsai,yurts.ai/external
AssurX,Morgan Hill,CA,48,46,4.35,1993,0,http://www.linkedin.com/company/assurx,assurx.com
Lindy,San Francisco,CA,41,32,29.03,2023,0,http://www.linkedin.com/company/lindyai,lindy.ai
Azilen Technologies,San Francisco,CA,392,350,12,2009,0,http://www.linkedin.com/company/azilen-technologies-pvt-ltd,azilen.com
RudderStack,San Francisco,CA,153,204,-25,2019,0,http://www.linkedin.com/company/rudderstack,rudderstack.com
Just Words,San Francisco,CA,10,7,42.86,2024,0,http://www.linkedin.com/company/justwordsai,justwords.ai
Space and Time,Newport Beach,CA,58,54,7.84,2022,0,http://www.linkedin.com/company/space-and-time-labs,spaceandtime.dev
e6data,San Francisco,CA,87,53,63.46,2020,13600000,http://www.linkedin.com/company/e6data,e6data.com
Promoted.ai,San Francisco,CA,13,12,9.09,2020,0,http://www.linkedin.com/company/promoted-ai,promoted.ai
Gradual,San Francisco,CA,30,21,38.1,2021,0,http://www.linkedin.com/company/gradual-inc,gradual.com
Yobi,Los Gatos,CA,41,41,0,2018,3970000,http://www.linkedin.com/company/yobiapp,yobi.app
Nile,San Jose,CA,1181,720,63.99,2018,315000000,http://www.linkedin.com/company/nilesecure,nilesecure.com
grofleX,San Francisco,CA,29,12,133.33,2024,0,http://www.linkedin.com/company/groflex1,groflex.io
AKOOL,Palo Alto,CA,74,41,82.5,,0,http://www.linkedin.com/company/akool,akool.com
HackerEarth,San Francisco,CA,526,564,-6.69,2012,0,http://www.linkedin.com/company/hackerearth,hackerearth.com/recruit/resources/insights/drs2021
IntelliBuddies,San Ramon,CA,17,17,0,2009,0,http://www.linkedin.com/company/intellibuddies,intellibuddies.com
Spark Creative Play,Santa Monica,CA,8,13,-33.33,2021,0,http://www.linkedin.com/company/sparkcreativeplay,playspark.art
Notebook Labs (YC S22),Stanford,CA,5,5,0,2022,0,http://www.linkedin.com/company/notebook-labs,notebooklabs.xyz
Highnote,San Francisco,CA,131,104,25.49,2020,0,http://www.linkedin.com/company/highnoteplatform,highnote.com
Gridmatic,Cupertino,CA,53,36,48.57,2017,0,http://www.linkedin.com/company/gridmatic,gridmatic.com/careers
Zipy,San Francisco,CA,25,24,4.35,2020,2800000,http://www.linkedin.com/company/zipyai,zipy.ai
Hirect App,San Francisco,CA,40,56,-29.09,,0,http://www.linkedin.com/company/hirect-us,hirectapp.com
GoodGist,San Mateo,CA,22,15,46.67,2023,1000000,http://www.linkedin.com/company/goodgist,goodgist.com
CyberLink Corp.,San Jose,CA,668,,,1996,0,,cyberlink.com
Ciro,San Francisco,CA,25,9,166.67,2022,0,http://www.linkedin.com/company/ciro-io,ciro.io
HireQuotient,San Francisco,CA,82,51,60,2021,0,http://www.linkedin.com/company/hirequotient,hirequotient.com
ViralMoment,Menlo Park,CA,19,21,-9.52,2021,2570000,http://www.linkedin.com/company/viralmoment,viralmoment.com
Keebo,Palo Alto,CA,43,36,20.59,2019,19000000,http://www.linkedin.com/company/keebo-inc,keebo.ai
Minoa,San Francisco,CA,18,4,325,2023,0,http://www.linkedin.com/company/getminoa,minoa.io
EvGateway,Irvine,CA,109,87,25.88,2017,0,http://www.linkedin.com/company/evgateway,evgateway.com/index.php
Limmi,Carlsbad,CA,3,6,-50,2022,0,http://www.linkedin.com/company/limmi,limmi.io
PropelAuth,Redwood City,CA,7,4,75,2021,0,http://www.linkedin.com/company/propelauth,bit.ly/welcomepropelauth
Flip AI,San Francisco,CA,29,26,12,2021,6500000,http://www.linkedin.com/company/flipai,flip.ai
Amberscript,Amsterdam,CA,241,220,9.26,2017,0,http://www.linkedin.com/company/amberscript,amberscript.com
Sunday Labs,San Francisco,CA,54,39,39.47,2017,0,http://www.linkedin.com/company/sundaylabs,sundaylabs.io
Loop,San Francisco,CA,92,79,17.33,,6800000,http://www.linkedin.com/company/loop-payments,loop.com
Impervious.ai,Newport Beach,CA,5,12,-54.55,,0,http://www.linkedin.com/company/impervious-ai,impervious.ai
HockeyStack,San Francisco,CA,65,23,178.26,2021,22700000,http://www.linkedin.com/company/hockeystack,hockeystack.com
Informed.IQ,San Francisco,CA,54,66,-18.46,,0,http://www.linkedin.com/company/informediq,informediq.com
Splashtop,San Jose,CA,330,320,2.95,2006,114000000,http://www.linkedin.com/company/splashtop,splashtop.com
Superframe,San Francisco,CA,8,7,14.29,2023,0,http://www.linkedin.com/company/superframeai,superframe.com
REMIO,San Francisco,CA,19,19,0,2020,0,http://www.linkedin.com/company/remiovr,remiovr.com
Loka,San Francisco,CA,369,281,31.64,,0,http://www.linkedin.com/company/loka,loka.com
Sapien AI,San Francisco,CA,3,2,50,2017,0,http://www.linkedin.com/company/sapien-ai-inc.,sapien.ai
Inventive,San Francisco,CA,17,15,13.33,2022,6500000,http://www.linkedin.com/company/madeinventive,madeinventive.com
Revolear,San Francisco,CA,11,12,-9.09,2022,0,http://www.linkedin.com/company/revolear,revolear.com
Foody,San Francisco,CA,6,12,-45.45,2020,0,http://www.linkedin.com/company/joinfoody,joinfoody.com
MightyMeld,Los Angeles,CA,7,6,16.67,2022,0,http://www.linkedin.com/company/mightymeld,mightymeld.com
Revlitix,San Francisco,CA,29,18,55.56,2022,0,http://www.linkedin.com/company/revlitix,revlitix.com
ResiQuant,San Francisco,CA,9,,,2023,0,http://www.linkedin.com/company/resiquant,resiquant.ai
JUICER,San Francisco,CA,38,38,0,2021,5300000,http://www.linkedin.com/company/juicerpricing,juicerpricing.com
Vayu Robotics,Palo Alto,CA,22,20,10.53,2022,12700000,http://www.linkedin.com/company/vayu-robotics,vayurobotics.com
Binary XZ,San Francisco,CA,28,26,8,2022,0,http://www.linkedin.com/company/binary-xz,binaryxz.com
SHC,Laguna Beach,CA,150,125,19.51,2018,0,http://www.linkedin.com/company/smart-health-clubs,smarthealthclubs.com
Magnifi,Mumbai,CA,170,130,31.5,2016,0,http://www.linkedin.com/company/magnifiofficial,magnifi.ai
Klear.ai,Los Angeles,CA,35,24,41.67,,0,http://www.linkedin.com/company/klearai,klear.ai
Unify,San Francisco,CA,56,13,323.08,2023,0,http://www.linkedin.com/company/unifygtm,unifygtm.com
Tempello AI,Encinitas,CA,9,8,12.5,2023,0,http://www.linkedin.com/company/tempello,tempello.ai
Sedai,Pleasanton,CA,63,56,13.21,2018,0,http://www.linkedin.com/company/sedai,sedai.io
OpusClip,Palo Alto,CA,75,47,60.87,2022,68000000,http://www.linkedin.com/company/opusclip,opus.pro
Nominal,Los Angeles,CA,65,26,156,2022,0,http://www.linkedin.com/company/nominal-inc,nominal.io
Kantata,Irvine,CA,543,620,-12.5,2022,0,http://www.linkedin.com/company/gokantata,kantata.com
Simulation Theory,San Diego,CA,6,5,20,2019,0,http://www.linkedin.com/company/simtheory,simtheoryinc.com
Kojo,San Francisco,CA,141,123,14.05,2018,0,http://www.linkedin.com/company/kojotechnologies,usekojo.com
Rutter,San Francisco,CA,26,56,-52.83,2021,0,http://www.linkedin.com/company/rutter,rutterapi.com
Kubecost,San Francisco,CA,77,52,47.06,2019,0,http://www.linkedin.com/company/kubecost,kubecost.com/install.html
Sidero Labs,Santa Barbara,CA,19,13,46.15,2019,8700000,http://www.linkedin.com/company/sidero-labs,siderolabs.com
New Lantern,San Francisco,CA,11,7,57.14,,0,http://www.linkedin.com/company/newlantern,newlantern.ai
Chaos Genius,Palo Alto,CA,17,12,45.45,2021,0,http://www.linkedin.com/company/chaosgenius,chaosgenius.io
DigiMark Developers,Los Angeles,CA,69,45,54.55,2017,0,http://www.linkedin.com/company/digimarkdevelopers,digimarkdevelopers.com
Trio,Covina,CA,60,31,96.67,2023,0,http://www.linkedin.com/company/trio-so,trio.so
Sematic (YC S22),San Francisco,CA,13,13,0,,0,http://www.linkedin.com/company/sematic-ai,sematic.dev
ODIN AI,Los Angeles,CA,34,32,6.45,2023,0,http://www.linkedin.com/company/get-odin-ai,getodin.ai
Wellpay,San Mateo,CA,6,7,-14.29,2019,0,http://www.linkedin.com/company/wellpay,wellpay.care
MAP,San Francisco,CA,7,7,0,2017,0,http://www.linkedin.com/company/mapplatform,mapplatform.com
AMPAworks,West Hollywood,CA,9,9,0,2018,0,http://www.linkedin.com/company/ampaworks,ampaworks.com
Bito,Menlo Park,Ca,48,33,48.39,2021,4700000,http://www.linkedin.com/company/bitodev,bito.ai
COR,San Francisco,CA,215,176,21.97,2017,0,http://www.linkedin.com/company/join-cor,projectcor.com
Expo,Palo Alto,CA,101,67,50,2013,0,http://www.linkedin.com/company/expo-dev,expo.dev
coxwave,San Jose,CA,26,19,31.58,,0,http://www.linkedin.com/company/coxwave,coxwave.com
Vapi,San Francisco,CA,65,15,326.67,2021,0,http://www.linkedin.com/company/vapi-ai,vapi.ai
StepFunction,Palo Alto,CA,12,16,-26.67,2019,0,http://www.linkedin.com/company/stepfunctionai,stepfunction.ai
MosaicML,San Francisco,CA,100,94,6.52,,0,http://www.linkedin.com/company/mosaicml,mosaicml.com
Shinami,San Francisco,CA,9,9,0,,0,http://www.linkedin.com/company/shinami,shinami.com
FarmSense,Riverside,CA,6,6,0,,0,http://www.linkedin.com/company/farmenseinc,farmsense.io
Barti,San Francisco,CA,38,32,19.35,,0,http://www.linkedin.com/company/barti,barti.com
Leadspace,San Francisco,CA,92,107,-14.29,2010,0,http://www.linkedin.com/company/leadspacecdp,leadspace.com
Node.js,San Francisco,CA,511,401,27.48,2009,0,http://www.linkedin.com/company/node-js,nodejs.org/en
Kognitos,San Jose,CA,83,58,43.64,,53800000,http://www.linkedin.com/company/kognitos,kognitos.com
IDPartner Systems,San Francisco,CA,12,8,37.5,2021,0,http://www.linkedin.com/company/idpartner-systems,idpartner.com
LaunchNotes,California,CA,27,29,-7.14,2019,0,http://www.linkedin.com/company/launchnotes,launchnotes.com
CallHub,Walnut,CA,101,87,16.47,2011,0,http://www.linkedin.com/company/callhub.io,callhub.io
Observant,San Francisco,CA,92,71,28.57,2018,0,http://www.linkedin.com/company/observantai,observantai.com
OpenPhone,San Francisco,CA,132,103,27.72,2018,0,http://www.linkedin.com/company/openphone,openphone.com
ZITADEL,San Francisco,CA,20,14,42.86,2020,15500000,http://www.linkedin.com/company/zitadel,zitadel.com
InfinyOn,Santa Clara,CA,15,18,-17.65,2019,0,http://www.linkedin.com/company/infinyon,infinyon.com
Arcion Labs,San Mateo,CA,14,13,8.33,2018,18200000,http://www.linkedin.com/company/arcionlabs,arcion.io
Learnsoft,San Diego,CA,30,42,-27.5,2001,16700000,http://www.linkedin.com/company/learnsoft-technology-group,learnsoft.com
Monster API,San Francisco,CA,9,11,-10,,0,http://www.linkedin.com/company/monster-api,gomonster.ai
Oliv - Your AI Assistant for Sales,San Francisco,CA,32,8,287.5,2019,0,http://www.linkedin.com/company/oliv-ai,oliv.ai
Gated,San Mateo,CA,43,58,-25.45,2020,0,http://www.linkedin.com/company/gated,gated.com
Bitus Labs,Irvine,CA,55,42,31.71,2021,0,http://www.linkedin.com/company/bituslabs,bituslabs.com
Zocket,San Francisco,CA,131,81,62.03,2021,0,http://www.linkedin.com/company/zocketdigital,zocket.ai
Excarta,San Francisco,CA,6,6,0,2022,0,http://www.linkedin.com/company/excarta,excarta.io
Aerotime,San Francisco,CA,5,5,0,2021,0,http://www.linkedin.com/company/aerotime,aerotime.com
EvGateway,Irvine,CA,109,87,25.88,2017,0,http://www.linkedin.com/company/evgateway,evgateway.com
Paraform,San Francisco,CA,113,87,30.59,2022,25600000,http://www.linkedin.com/company/paraformxyz,paraform.xyz
Thatch,San Francisco,CA,90,37,144.44,2021,84000000,http://www.linkedin.com/company/thatch-ai,thatch.ai
Rivian and Volkswagen Group Technologies,Palo Alto,CA,626,540,3131.58,2024,0,http://www.linkedin.com/company/rivian-and-vw-group-technologies,rivianvw.tech
MetaMap,San Francisco,CA,366,489,-25.05,2017,0,http://www.linkedin.com/company/metmap,metamap.com
Digital Foundry,Tiburon,CA,57,60,-5,1992,0,http://www.linkedin.com/company/digital-foundry,digitalfoundry.com
Picsart Armenia,San Francisco,CA,213,210,1.46,2011,0,http://www.linkedin.com/company/picsart-armenia,picsart.com
Matchday,San Francisco,CA,51,48,6.52,2022,21000000,http://www.linkedin.com/company/matchday,matchday.com
Alcion,San Francisco,CA,11,26,-60,,29000000,http://www.linkedin.com/company/alcioninc,alcion.ai
Deccan AI,San Francisco,CA,112,12,816.67,,0,http://www.linkedin.com/company/ai-deccan,deccan.ai
Pliable,San Francisco,CA,13,11,20,2023,0,http://www.linkedin.com/company/getpliable,pliable.co
Redpanda Data,San Francisco,CA,179,193,-7.61,2019,266000000,http://www.linkedin.com/company/redpanda-data,redpanda.com
Vetted,San Francisco,CA,54,56,-3.77,2019,0,http://www.linkedin.com/company/vetted-ai,vetted.ai
Arcade,San Francisco,CA,64,41,56.41,2021,21700000,http://www.linkedin.com/company/arcadehq,arcade.software
Triton Software Engineering,San Diego,CA,78,71,8.57,2017,0,http://www.linkedin.com/company/tritonsoftwareengineering,tritonse.github.io
Toucan (JoinToucan.com),Santa Monica,CA,4,5,-20,2019,0,http://www.linkedin.com/company/jointoucan,bit.ly/3qkztqv
regie.ai,San Francisco,CA,97,62,55.74,2020,50800000,http://www.linkedin.com/company/regie-ai,regie.ai
Live Data Technologies,Santa Barbara,CA,34,250,-86.55,2018,9900000,http://www.linkedin.com/company/gotlivedata,livedatatechnologies.com
Tonic.xyz | Tonic Labs,San Francisco,CA,9,6,50,2022,0,http://www.linkedin.com/company/tonicxyz,tonic.xyz
Chroma,San Francisco,CA,72,38,91.67,,0,http://www.linkedin.com/company/trychroma,trychroma.com
Extend,San Francisco,CA,300,398,-24.62,2019,0,http://www.linkedin.com/company/helloextend,extend.com
Replicant,San Francisco,CA,177,171,3.57,2017,0,http://www.linkedin.com/company/replicant,replicant.com
CFEX,San Francisco,CA,18,16,13.33,,0,http://www.linkedin.com/company/cfexcloud,cfex.cloud
Terzo,Los Angeles,CA,136,117,15.65,2020,0,http://www.linkedin.com/company/terzoai,terzo.ai
Internet Soft,San Francisco,CA,51,32,61.29,2010,0,http://www.linkedin.com/company/internetsoft,internetsoft.com/contact-us
OSlash,San Francisco,CA,34,40,-15.79,2020,0,http://www.linkedin.com/company/oslash,oslash.com
Mnemonic,San Francisco,CA,9,14,-30.77,2021,0,http://www.linkedin.com/company/mnemonichq,mnemonichq.com
Replika,San Francisco,CA,108,96,12.77,2015,0,http://www.linkedin.com/company/replikaai,replika.com
Mawari,Los Altos,CA,29,20,47.37,2017,20300000,http://www.linkedin.com/company/mawari,mawari.io
RIIICO,San Francisco,CA,33,20,60,2021,0,http://www.linkedin.com/company/riiico,riiico.com
Zumen,Walnut,CA,38,32,19.35,,0,http://www.linkedin.com/company/zumen,zumen.com
Vama,Santa Monica,CA,64,28,133.33,2022,0,http://www.linkedin.com/company/vama-chat,vama.com
UXCam,San Francisco,CA,102,110,-7.62,2014,0,http://www.linkedin.com/company/ux-cam,bit.ly/3vjfpeb
Frigade (YC W23),San Francisco,CA,4,4,0,,0,http://www.linkedin.com/company/frigade,frigade.com
Outbuild,San Francisco,CA,65,40,64.1,2021,11800000,http://www.linkedin.com/company/outbuildconstruction,outbuild.com
RisingWave Labs,San Francisco,CA,48,42,14.63,2021,0,http://www.linkedin.com/company/risingwave-labs,risingwave.com
Homebase,San Francisco,CA,1573,1025,53.43,2014,170000000,http://www.linkedin.com/company/homebase-app,joinhomebase.com
Simplify,San Francisco,CA,92,49,87.23,,4330000,http://www.linkedin.com/company/simplifyjobs,simplify.jobs
PropBidder,Newport Beach,CA,2,1,100,2020,0,http://www.linkedin.com/company/propbidder,propbidder.com
Monnai,San Francisco,CA,53,44,19.05,2021,10100000,http://www.linkedin.com/company/monnai,monnai.com
HypeLab,San Francisco,CA,8,8,0,,0,http://www.linkedin.com/company/gohypelab,hypelab.com
Immerse,Irvine,CA,60,42,42.5,2017,0,http://www.linkedin.com/company/immerseinc,immerse.online
Ario,Palo Alto,CA,34,29,17.86,2022,16000000,http://www.linkedin.com/company/heyario,heyario.com
Coda,San Francisco,CA,311,331,-6.03,2014,240000000,http://www.linkedin.com/company/codainc,coda.io
LeadrPro,Santa Monica,CA,9,18,-47.06,,0,http://www.linkedin.com/company/leadrpro,leadrpro.com
Voyage SMS,Santa Monica,CA,15,34,-56.25,2018,10000000,http://www.linkedin.com/company/voyage-sms,voyagesms.com
Cubist,San Diego,CA,12,7,57.14,2022,0,http://www.linkedin.com/company/cubist-inc,cubist.dev
WireMock,Menlo Park,CA,18,5,240,,0,http://www.linkedin.com/company/wiremock,wiremock.org
Epik Solutions,Pleasant Hill,CA,165,165,0,2015,0,http://www.linkedin.com/company/epikso,epikso.com
Clerk.com,San Francisco,CA,168,121,39.13,2019,54400000,http://www.linkedin.com/company/clerkinc,clerk.dev
bit.io,San Francisco,CA,3,13,-75,,0,http://www.linkedin.com/company/bitdotioinc,bit.io
Top Rated UX Design Firm,Los Angeles,Ca,39,30,31.03,2016,0,http://www.linkedin.com/company/wandrstudio,wandr.studio
Aviator,San Francisco,CA,27,14,85.71,2021,0,http://www.linkedin.com/company/aviator-co,aviator.co
HackerEarth,San Francisco,CA,526,564,-6.69,2012,0,http://www.linkedin.com/company/hackerearth,hackerearth.com
IntelligentDX,Pasadena,CA,64,45,43.18,,0,http://www.linkedin.com/company/intelligentdx,intelligentdx.com
Persist Ventures,Los Angeles,CA,161,96,68.09,,0,http://www.linkedin.com/company/persist-ventures,persistventures.com
Powerhouse,San Jose,CA,98,68,43.28,2023,0,http://www.linkedin.com/company/powerhouseinc,powerhouse.so
Replo (YC S21),San Francisco,CA,71,63,13.33,2021,4330000,http://www.linkedin.com/company/replohq,replo.app
Metaverse Fashion Council,Los Angeles,CA,135,114,17.86,2022,0,http://www.linkedin.com/company/metaverse-fashion-council,metaversefashioncouncil.org
SigFig,San Francisco,CA,146,180,-18.75,2006,0,http://www.linkedin.com/company/sigfig,sigfig.com/home
SymphonyOS,Los Angeles,CA,17,13,33.33,2020,0,http://www.linkedin.com/company/symphonyos,symphony.to
Camber,San Francisco,CA,5,,,2024,0,http://www.linkedin.com/company/cambercloud,cambercloud.com
The Easy Company,San Francisco,CA,19,22,-14.29,,0,http://www.linkedin.com/company/theeasyco,easy.me
ShapesXR,San Mateo,CA,23,28,-18.52,2016,8600000,http://www.linkedin.com/company/shapesxr,shapesxr.com
Ahara Corporation,Los Angeles,CA,18,21,-15,2022,10000000,http://www.linkedin.com/company/ahara-corporation,ahara.com
Auditmate,San Francisco,CA,21,20,5.26,2019,0,http://www.linkedin.com/company/auditmate,auditmate.com
AiDEN Auto,San Ramon,CA,19,20,-5,,11000000,http://www.linkedin.com/company/aidenauto,aidenauto.com
Houseware,San Francisco,CA,24,29,-17.86,2021,2100000,http://www.linkedin.com/company/gethouseware,houseware.io
Boost,,CA,29,19,47.37,,0,http://www.linkedin.com/company/boostresults,boostresults.com
Kubit,Fremont,CA,49,50,-2.08,2018,24600000,http://www.linkedin.com/company/kubit-ai,kubit.ai
Xurrent,Santa Barbara,CA,128,92,38.89,2010,0,http://www.linkedin.com/company/xurrent,xurrent.com
Nearsure,Los Angeles,CA,312,220,41.67,,0,http://www.linkedin.com/company/nearsure,nearsure.com
Lume (YC W23),San Francisco,CA,7,4,75,2023,0,http://www.linkedin.com/company/lume-ai,lume.ai
ProPlanner - Construction Scheduling and Planning,San Francisco,CA,37,30,20.69,2020,0,http://www.linkedin.com/company/proplannerconstruction,proplanner.build
Beacon AI,San Carlos,CA,22,15,46.67,2021,19600000,http://www.linkedin.com/company/beacon-ai,beaconai.co
Traceable AI,San Francisco,CA,150,205,-26.67,2018,80200000,http://www.linkedin.com/company/traceable-ai,traceable.ai
Swantide,San Francisco,CA,14,20,-31.58,2020,0,http://www.linkedin.com/company/swantide,swantide.com
Clearstory,San Francisco,CA,69,55,25.93,2018,30300000,http://www.linkedin.com/company/clearstory-build,clearstory.build
Supermove,San Francisco,CA,52,38,37.84,,0,http://www.linkedin.com/company/supermoveco,supermove.com
Distyl AI,San Francisco,CA,63,23,172.73,,27000000,http://www.linkedin.com/company/distylai,distyl.ai
Triumph Labs,San Francisco,CA,16,16,0,,0,http://www.linkedin.com/company/triumphlabs,triumpharcade.com
Magical,San Francisco,CA,81,67,20.31,2020,0,http://www.linkedin.com/company/getmagical,getmagical.com
Augment Code,Palo Alto,CA,99,44,125.58,2022,252000000,http://www.linkedin.com/company/augmentinc,augmentcode.com
Play Caller Sports,Palo Alto,CA,3,3,0,,0,http://www.linkedin.com/company/playcaller,playcaller.io
Rill Data,San Francisco,CA,39,34,15.63,2020,16600000,http://www.linkedin.com/company/rilldata,rilldata.com
Aeqium,San Francisco,CA,16,14,15.38,2020,0,http://www.linkedin.com/company/aeqium,aeqium.com
Plai Labs,Los Angeles,CA,79,39,102.7,2023,0,http://www.linkedin.com/company/plai-labs,plailabs.com
LighthouseAI,Los Angeles,CA,,,,2023,0,http://www.linkedin.com/company/lighthouseai,lighthouseai.com
Courie,San Francisco,CA,17,11,54.55,2022,4830000,http://www.linkedin.com/company/courie,courie.ai
Google Developer Experts,Mountain View,CA,1421,931,52.57,,0,http://www.linkedin.com/company/experts-program,developers.google.com/experts
Mortgage Coach,Irvine,CA,26,35,-26.47,,0,http://www.linkedin.com/company/mortgagecoach,mortgagecoach.com
Addiction Recovery,Oceanside,CA,53,46,15.56,2014,0,http://www.linkedin.com/company/addiction-recovery,content.addictionrecovery.com
Bright,San Rafael,CA,167,140,19.55,2018,0,http://www.linkedin.com/company/brightappsec,brightsec.com
Blaze,Los Angeles,CA,17,8,100,,0,http://www.linkedin.com/company/blaze-technology,blaze.tech
LightBeam.ai,San Jose,CA,77,56,36.36,,22300000,http://www.linkedin.com/company/lightbeamai,lightbeam.ai
Backbone,San Francisco,CA,21,27,-23.08,2017,0,http://www.linkedin.com/company/backboneiq,backboneiq.com
Seaplane IO,Mountain View,CA,26,34,-21.88,2020,0,http://www.linkedin.com/company/seaplaneio,seaplane.io
Analog,San Francisco,CA,60,50,20.41,2021,36000000,http://www.linkedin.com/company/analogone,analog.one
Toplyne.io,San Francisco,CA,65,95,-31.18,,0,http://www.linkedin.com/company/toplynehq,toplyne.io
Nifty League,Mill Valley,CA,8,12,-27.27,2021,0,http://www.linkedin.com/company/niftyleague,niftyleague.com
Galileo,,CA,117,80,47.44,,68000000,http://www.linkedin.com/company/galileo-ai,rungalileo.io
Tailor,渋谷区,CA,138,82,68.75,2021,0,http://www.linkedin.com/company/tailortech,tailor.tech
topmate.io,San Francisco,CA,1503,858,75.27,2021,0,http://www.linkedin.com/company/topmate-io,topmate.io
MyShell.ai,San Francisco,CA,14,16,-12.5,2023,16800000,http://www.linkedin.com/company/ai-myshell,myshell.ai
Looq AI,San Diego,CA,16,15,6.67,2021,0,http://www.linkedin.com/company/looqai,looq.ai
Prive,San Francisco,CA,742,515,43.96,2020,0,http://www.linkedin.com/company/tryprive,tryprive.com
Zing Data,San Francisco,CA,4,6,-33.33,2021,0,http://www.linkedin.com/company/zingdata,getzingdata.com
SaaSGrid,San Francisco,CA,13,6,100,2022,0,http://www.linkedin.com/company/saasgrid,saasgrid.com
Ninjatech Ai,Palo Alto,CA,23,17,37.5,2022,0,http://www.linkedin.com/company/ninjatech-ai,ninjatech.ai
Handle.com,,CA,75,53,42.31,,19600000,http://www.linkedin.com/company/handleinc,handle.com
techjays,Santa Clara,CA,158,130,22.05,2018,0,http://www.linkedin.com/company/techjays,techjays.com
Postman,San Francisco,CA,2212,2195,0.81,2014,433000000,http://www.linkedin.com/company/postman-api-tools,getpostman.com
DisplayRide,San Jose,CA,6,8,-25,,0,http://www.linkedin.com/company/displayride-inc,displayride.com
Uber for Business,San Francisco,CA,975,705,38.35,2014,0,http://www.linkedin.com/company/uber-for-business,uber.com/business
Klu.ai,San Francisco,CA,3,6,-50,2022,0,http://www.linkedin.com/company/klu-ai,klu.ai
Tarsal,San Francisco,CA,15,17,-11.76,,6000000,http://www.linkedin.com/company/tarsal,tarsal.co
Nuvo,,CA,55,41,35,,0,http://www.linkedin.com/company/nuvocredit,nuvo.credit
iTrustCapital,Long Beach,CA,73,58,26.32,2018,0,http://www.linkedin.com/company/itrustcapital00,itrustcapital.com
Agile Six,San Diego,CA,97,69,39.71,2015,0,http://www.linkedin.com/company/agilesix,agile6.com
Yellow,Palo Alto,CA,11,11,0,2023,0,http://www.linkedin.com/company/yellow3d,yellow3d.com
Kurrent (formerly Event Store),San Francisco,CA,73,82,-10,2012,27600000,http://www.linkedin.com/company/kurrent-io,kurrent.io
MedaSystems,Menlo Park,CA,18,15,21.43,2020,7000000,http://www.linkedin.com/company/medasystems,medasystems.com
Cleric,San Francisco,CA,17,9,88.89,2023,4300000,http://www.linkedin.com/company/cleric-io,cleric.io
Adept AI Labs,San Francisco,CA,100,45,120.93,,0,http://www.linkedin.com/company/adeptailabs,adeptailabs.com
Swiftly,San Francisco,CA,115,95,21.51,2014,0,http://www.linkedin.com/company/swiftlyinc,goswift.ly
LumenVox,San Diego,CA,11,17,-35.29,2001,0,http://www.linkedin.com/company/lumenvox,lumenvox.com
ParkourSC,San Jose,CA,64,44,45.24,2014,0,http://www.linkedin.com/company/parkoursc,parkoursc.com
Skool,Los Angeles,CA,283,186,52.2,,0,http://www.linkedin.com/company/skool-com,skool.com
TicketManager,Calabasas,CA,106,84,26.83,2007,0,http://www.linkedin.com/company/ticketmanager,ticketmanager.com
Vontive,San Francisco,CA,52,57,-8.93,2017,0,http://www.linkedin.com/company/vontive,vontive.com
AgTools,Irvine,CA,44,37,19.44,2017,0,http://www.linkedin.com/company/agtools,ag.tools
Certa.ai,Saratoga,CA,207,226,-8.56,2017,52300000,http://www.linkedin.com/company/getcerta,certa.ai
OnSolve,Alpharetta,CA,498,475,4.73,2001,0,http://www.linkedin.com/company/onsolve,onsolve.com
Nucla,San Francisco,CA,8,8,0,2020,0,http://www.linkedin.com/company/nucla,nucla.com
Revnue,West Covina,CA,105,84,25.61,2021,0,http://www.linkedin.com/company/revnuecorp,revnue.com
GigaCloud Technology,City of Industry,CA,77,54,41.51,2014,0,http://www.linkedin.com/company/giga-cloud-technology,gigacloudtech.com
Retreat,San Francisco,CA,36,27,34.62,2020,0,http://www.linkedin.com/company/planretreat,planretreat.com
Kippo (Covalent Inc.),Los Angeles,CA,12,17,-31.25,2019,0,http://www.linkedin.com/company/kippo-covalent-inc,kippoapp.com
Echo Labs,San Francisco,CA,93,24,279.17,2023,0,http://www.linkedin.com/company/echolabsai,el.ai
Jarvis ML,Cupertino,CA,38,38,0,2021,0,http://www.linkedin.com/company/jarvis-ml,jarvisml.com
Aerotime,San Francisco,CA,5,5,0,2021,0,http://www.linkedin.com/company/aerotime,aerotime.com
Trango Tech,San Jose,CA,53,40,33.33,2017,0,http://www.linkedin.com/company/trangotech,trangotech.com
Worksuite (formerly Shortlist),San Francisco,CA,65,69,-5.88,2015,0,http://www.linkedin.com/company/worksuiteinc,worksuite.com
Yugabyte,Sunnyvale,CA,552,507,8.9,2016,291000000,http://www.linkedin.com/company/yugabyte,yugabyte.com
Smart IT,San Francisco,CA,115,94,22.34,2011,0,http://www.linkedin.com/company/smart-it.io,smart-it.io
Tagbox,Covina,CA,79,58,35.09,,0,http://www.linkedin.com/company/tagboxsocial,taggbox.com
Outlier,San Francisco,CA,682,12,5475,,0,http://www.linkedin.com/company/try-outlier,tryoutlier.com
Clockwork Systems,Palo Alto,CA,27,27,0,2018,0,http://www.linkedin.com/company/clockwork-systems-inc,clockwork.io
RadiantGraph,San Francisco,CA,18,11,63.64,2023,17000000,http://www.linkedin.com/company/radiantgraph,radiantgraph.com
PostSig,San Francisco,CA,11,3,266.67,2024,0,http://www.linkedin.com/company/postsig,postsig.com
Payabli,Los Angeles,CA,68,39,75.68,2020,32500000,http://www.linkedin.com/company/payabli,payabli.com
Trick Studios,Los Angeles,CA,242,154,56.95,,0,http://www.linkedin.com/company/trick-studios,trickgs.com
Pando,San Francisco,CA,18,22,-19.05,2020,0,http://www.linkedin.com/company/pandohr,pandohr.com
ManageAmerica | Property Management Software,Los Angeles,CA,71,56,27.27,1999,0,http://www.linkedin.com/company/manageamerica,manageamerica.com
Kolena,San Francisco,CA,36,43,-17.07,2021,18100000,http://www.linkedin.com/company/kolena-ai,kolena.io
Wisq,Redwood City,CA,26,39,-32.43,2021,0,http://www.linkedin.com/company/wisq,wisq.com
Visbit,Sunnyvale,CA,10,10,0,2015,0,http://www.linkedin.com/company/visbit-inc-,visbit.co
Toku,San Francisco,CA,211,151,39.86,2020,0,http://www.linkedin.com/company/trytoku,hubs.ly/q024v65-0
Campfire,San Francisco,CA,13,9,44.44,2023,4000000,http://www.linkedin.com/company/meetcampfire,meetcampfire.com
Pledge Finance,Palo Alto,CA,2,3,-33.33,,0,http://www.linkedin.com/company/pledgerfinance,pledger.finance
Primer,Oakland,CA,84,71,17.65,2019,0,http://www.linkedin.com/company/primermicroschools,primer.com
Skylab,West Hollywood,CA,54,44,23.26,2019,0,http://www.linkedin.com/company/skylab-x,skylabx.com
Harmonic,Palo Alto,CA,32,11,181.82,,75000000,http://www.linkedin.com/company/harmonicmath,harmonic.fun
Taxflow,San Francisco,CA,5,,,,0,http://www.linkedin.com/company/jointaxflow,jointaxflow.ai
Secuvy,San Ramon,CA,28,9,200,2019,0,http://www.linkedin.com/company/secuvy,secuvy.ai
Prompt AI,San Francisco,CA,16,9,77.78,,0,http://www.linkedin.com/company/prompt-ai-co,promptai.co
3RM.co,San Francisco,CA,9,15,-35.71,2022,0,http://www.linkedin.com/company/3rm-co,3rm.co
Nexusflow,Palo Alto,CA,17,14,21.43,,0,http://www.linkedin.com/company/nexusflow-ai,nexusflow.ai
Galileo,San Francisco,CA,121,82,47.44,2021,0,http://www.linkedin.com/company/galileo-ai,rungalileo.io
Blitz,Los Angeles,CA,96,88,9.3,2018,0,http://www.linkedin.com/company/theblitzapp,blitz.gg
ApertureData,Mountain View,CA,12,11,10,2018,0,http://www.linkedin.com/company/aperturedata,aperturedata.io
Trimwire,San Francisco,CA,1,5,-80,2020,0,http://www.linkedin.com/company/trimwire,trimwire.com
Applied Business Software,Signal Hill,CA,69,51,36,1978,0,http://www.linkedin.com/company/the-mortgage-office,themortgageoffice.comexternal
Kahoona,California,CA,20,27,-26.92,2021,0,http://www.linkedin.com/company/kahoonaio,kahoona.io
Pipeshift (YC S24),San Fransico,CA,16,9,77.78,2023,3000000,http://www.linkedin.com/company/pipeshift,pipeshift.com
Optiwise.ai,Newark,CA,37,42,-12.5,,1300000,http://www.linkedin.com/company/optiwise-ai,optiwise.ai
Enerflo,Huntington Beach,CA,97,72,33.8,2019,0,http://www.linkedin.com/company/enerflo,enerflo.com
Startup in Stealth Mode,San Francisco,CA,32,32,0,2022,0,http://www.linkedin.com/company/organization-in-stealth-mode,startupper.7linternational.com
KeyShot,Costa Mesa,CA,182,126,43.55,2010,0,http://www.linkedin.com/company/keyshot,keyshot.com
8Flow,Los Angeles,CA,18,13,41.67,2022,16600000,http://www.linkedin.com/company/8flow,8flow.com
Jointly,Los Angeles,CA,21,21,0,2018,0,http://www.linkedin.com/company/jointlybetter,jointlybetter.com
Palona AI,Menlo Park,CA,22,4,450,2024,0,http://www.linkedin.com/company/palona-ai,palona.ai/pizza-expo
Namecoach,Palo Alto,CA,38,54,-29.41,2014,0,http://www.linkedin.com/company/namecoach,name-coach.com
Stealth AI,San Francisco,CA,21,13,61.54,2023,0,http://www.linkedin.com/company/stealth-ai-2,stealth.ai
CoordinateHQ,Redwood City,CA,7,6,16.67,,0,http://www.linkedin.com/company/coordinatehq,coordinatehq.com
JustPaid.io,Mountain View,CA,19,16,20,2022,4000000,http://www.linkedin.com/company/justpaid,justpaid.io
Holistic AI,Palo Alto,CA,81,78,3.95,2020,0,http://www.linkedin.com/company/holisticai,holisticai.com
Baklava,Los Angeles,CA,35,22,54.55,2020,0,http://www.linkedin.com/company/baklava,baklavaapp.com
REDCap Cloud,Encinitas,CA,136,110,23.15,2016,0,http://www.linkedin.com/company/redcapcloud,redcapcloud.com
Descope,Los Altos,CA,84,57,48.15,2022,0,http://www.linkedin.com/company/descope,descope.com
Roro,San Francisco,CA,53,43,23.81,2017,0,http://www.linkedin.com/company/roro-solutions,roro.io
Wave,Los Angeles,CA,113,129,-11.9,2016,0,http://www.linkedin.com/company/thewavexr,wavexr.com
Daash Intelligence,San Francisco,CA,14,9,55.56,2022,8250000,http://www.linkedin.com/company/daash-intelligence,daash.co
Beam,San Francisco,CA,18,13,38.46,,15000000,http://www.linkedin.com/company/trybeamhq,trybeam.com
Tandem,San Francisco,CA,12,13,-7.69,2017,0,http://www.linkedin.com/company/tandem-chat,tandem.chat
COMMUNITYx,Los Angeles,CA,6,8,-25,2018,0,http://www.linkedin.com/company/communityx,communityx.tech
LokiBots,Milpitas,CA,26,27,-3.85,2018,0,http://www.linkedin.com/company/lokibots,lokibots.ai
Tinder,Los Angeles,CA,1089,1021,6.69,2012,0,http://www.linkedin.com/company/tinder-incorporated,lifeattinder.com
C3 AI,Redwood City,CA,1256,1209,3.88,,0,http://www.linkedin.com/company/c3-ai-enterprise-ai,c3.ai
TASK,Mona Vale,CA,264,223,18.26,2000,0,http://www.linkedin.com/company/task-retail-technology,tasksoftware.com
Rooster Scheduling,San Francisco,CA,28,5,440,,0,http://www.linkedin.com/company/rooster-scheduling,rooster.us
Canal,San Francisco,CA,66,61,8.62,2021,0,http://www.linkedin.com/company/shopcanal,shopcanal.com
Demox Labs,San Francisco,CA,11,12,-9.09,,0,http://www.linkedin.com/company/demox-labs,leo.app
Cresicor,San Francisco,CA,95,95,0,,5600000,http://www.linkedin.com/company/cresicor,cresicor.com
Monterra,San Francisco,CA,12,7,71.43,,0,http://www.linkedin.com/company/monterra-ai,monterra.ai
WeblineIndia,Carlsbad,CA,131,124,5.65,1999,0,http://www.linkedin.com/company/weblineindia,weblineindia.com
Stell,Venice,CA,17,8,100,2022,0,http://www.linkedin.com/company/stell-engineering,stell-engineering.com
Hemera,Mountain View,CA,16,15,6.67,2020,5280000,http://www.linkedin.com/company/thehemera,thehemera.com
3Laws,Pasadena,CA,8,5,60,2022,0,http://www.linkedin.com/company/3laws,3laws.io
RagaAI,San Francisco Bay Area,CA,62,67,-7.58,,4690000,http://www.linkedin.com/company/raga-ai,raga.ai
BLACKBOX.AI,San Francisco,CA,180,162,10.69,,0,http://www.linkedin.com/company/blackboxtech,blackbox.ai
Komplyd,San Jose,CA,12,7,57.14,,0,http://www.linkedin.com/company/komplyd,komplyd.com
Integral,San Francisco,CA,17,14,23.08,,14800000,http://www.linkedin.com/company/integralhealthcare,useintegral.com
Cloudtenna,Sunnyvale,CA,1,1,0,2013,0,http://www.linkedin.com/company/cloudtenna,cloudtenna.com
Breakout,San Francisco,CA,15,10,50,2020,21100000,http://www.linkedin.com/company/6598373,getbreakout.com
Airforce Base,Riverside,CA,690,533,29.25,,0,http://www.linkedin.com/company/airforce-base,airforce.com/contact-us/base-locator/external
PlusPlus,San Francisco,CA,18,12,54.55,2016,0,http://www.linkedin.com/company/plusplus.co,plusplus.co
Gas,Los Angeles,CA,290,173,67.06,2022,0,http://www.linkedin.com/company/gasapp,gasapp.co
Dell EMC XtremIO,Santa Clara,CA,420,417,0.73,2009,0,http://www.linkedin.com/company/xtremio,emc.com/en-us/storage/xtremio/benefits.htm
eDRV,San Francisco,CA,15,14,7.69,2020,0,http://www.linkedin.com/company/edrvio,edrv.io
VDURA,Milpitas,CA,71,28,159.26,,0,http://www.linkedin.com/company/vdurainc,vdura.com/accelerate-ai-innovation-with-vdura-at-nvidia-gtc-2025
jellibeans,Tustin,CA,8,10,-20,2019,0,http://www.linkedin.com/company/jellibeans,jellibeans.com
iMerit Technology,Los Gatos,CA,6028,5256,14.68,,23500000,http://www.linkedin.com/company/imerit,imerit.net
Henry Meds,San Francisco,CA,477,289,65.37,2022,0,http://www.linkedin.com/company/henry-meds,henrymeds.com
Questflow,Emeryville,CA,6,2,200,,0,http://www.linkedin.com/company/questflow,questflow.ai
Zitti,Santa Monica,CA,32,27,15.38,,0,http://www.linkedin.com/company/zitti,zitti.com
Noctal,Los Angeles,CA,12,,,,0,http://www.linkedin.com/company/noctalinc,noctal.xyz
Klarity,San Francisco,CA,123,97,27.37,,0,http://www.linkedin.com/company/tryklarity,tryklarity.com
Rev,San Diego,CA,87,91,-4.49,2013,0,http://www.linkedin.com/company/getrev,getrev.ai
Arena Club,Los Angeles,CA,46,29,57.14,,25400000,http://www.linkedin.com/company/goarenaclub,arenaclub.com
TeamOhana,San Francisco,CA,40,33,22.58,2021,11500000,http://www.linkedin.com/company/teamohana,teamohana.com
SparkPlug,San Francisco,CA,50,50,0,2018,0,http://www.linkedin.com/company/sparkplugapp,sparkplug.app
Publica By IAS,San Francisco,CA,202,158,27.74,,0,http://www.linkedin.com/company/publica-by-ias,getpublica.com
PALANTIR USG,Palo Alto,CA,1,1,0,2010,0,http://www.linkedin.com/company/palantir-usg-inc.,palantirtech.com
Prelim,San Francisco,CA,41,35,18.18,2017,3710000,http://www.linkedin.com/company/prelimsolutions,prelim.com
Nestor,San Francisco,CA,54,39,37.84,2018,6070000,http://www.linkedin.com/company/nestorup,nestorup.com
Pulsora,San Mateo,CA,113,116,-2.63,,33000000,http://www.linkedin.com/company/pulsora,pulsora.com
nodaFi,San Francisco,CA,19,6,216.67,2018,3500000,http://www.linkedin.com/company/nodafi,nodafi.com
Tabular,San Jose,CA,25,54,-52.94,2021,37000000,http://www.linkedin.com/company/tabular-io,tabular.io
Pipeful,San Francisco,CA,115,8,1312.5,2000,0,http://www.linkedin.com/company/pipeful,pipeful.io
Sidekick,Los Angeles,CA,3,4,-25,2017,0,http://www.linkedin.com/company/sidekick-hq,sidekick-hq.com
Fylamynt,Mountain View,CA,6,20,-68.42,2019,6500000,http://www.linkedin.com/company/fylamynt,fylamynt.com
Coding Crafts,San Francisco,CA,57,46,24.44,2019,0,http://www.linkedin.com/company/codingcraftsllc,codingcrafts.io
Canopy,Palo Alto,CA,30,30,0,2017,0,http://www.linkedin.com/company/canopy-care,canopycare.us
Upfront Ventures,Santa Monica,CA,46,48,-4.26,1996,1740000,http://www.linkedin.com/company/upfront-ventures,upfront.com
Dibbs,El Segundo,CA,22,34,-34.38,2020,0,http://www.linkedin.com/company/dibbsio,linktr.ee/dibbs.io
Biosero,San Diego,CA,125,83,51.85,2003,0,http://www.linkedin.com/company/biosero-inc,biosero.com
ODK,San Diego,CA,29,14,100,,0,http://www.linkedin.com/company/getodk,getodk.org
WOLFCOM,Pasadena,CA,18,14,21.43,2001,0,http://www.linkedin.com/company/wolfcom%C2%AE,wolfcomusa.com
BuyerCaddy,Santa Barbara,CA,14,14,0,,4850000,http://www.linkedin.com/company/buyercaddy,buyercaddy.com
Terminal49,San Francisco,CA,20,17,18.75,2017,8620000,http://www.linkedin.com/company/terminal49,terminal49.com
Abbey Labs,San Francisco,CA,2,7,-71.43,2022,0,http://www.linkedin.com/company/abbey-labs,abbey.io
Celito Tech,Redwood City,CA,102,79,29.87,2019,0,http://www.linkedin.com/company/celito-tech-inc,celitotech.com
Perfect Venue,San Francisco,CA,18,12,54.55,,0,http://www.linkedin.com/company/perfect-venue,perfectvenue.com
STORI AI,San Francisco,CA,11,17,-35.29,2023,0,http://www.linkedin.com/company/storiai,storiai.com
3nets.io,Santa Clara,CA,6,20,-68.42,2021,0,http://www.linkedin.com/company/3nets-io,3nets.io
Nexus,San Francisco,CA,79,15,413.33,,27200000,http://www.linkedin.com/company/nexus,nexus.xyz
Camio,San Mateo,CA,20,30,-34.48,2011,0,http://www.linkedin.com/company/camiolog,camio.com
Exafunction,Mountain View,CA,13,5,140,2021,0,http://www.linkedin.com/company/exafunction,exafunction.com
Workorder,Santa Monica,CA,7,9,-22.22,2019,0,http://www.linkedin.com/company/workorder,workorder.ai
Sprouts.ai,San Francisco,CA,134,95,40.86,2022,0,http://www.linkedin.com/company/sprouts-ai,sprouts.ai
Chkk,Sunnyvale,CA,12,8,50,2022,0,http://www.linkedin.com/company/chkk-io,chkk.io
Budy,Palo Alto,CA,8,4,100,2024,0,http://www.linkedin.com/company/budy-bot,budybot.ai
Dropbase,San Francisco,CA,6,6,0,2019,0,http://www.linkedin.com/company/dropbase,dropbase.io
Adobe Technical Communication,San Jose,CA,56,46,22.22,1982,0,http://www.linkedin.com/company/adobetcs,adobe.com/products/one-adobe-solution-for-technical-content.html
Jackson Square Ventures,San Francisco,CA,10,10,0,,0,http://www.linkedin.com/company/jsv-vc,jsv.com
Programize,Riverside,CA,63,71,-11.43,2014,0,http://www.linkedin.com/company/programize-llc,programize.com
HappyRobot,San Francisco,CA,6,4,50,2022,0,http://www.linkedin.com/company/happyrobot,happyrobot.ai
zbyte,San Francisco,CA,25,35,-27.27,2021,0,http://www.linkedin.com/company/zbytio,zbyte.io
Kadence,San Francisco,CA,63,54,17.65,2013,0,http://www.linkedin.com/company/kadenceos,kadence.co
MOTER Technologies,Torrance,CA,57,46,24.44,2021,0,http://www.linkedin.com/company/moter-technologies,moter.ai
Axiom Health,San Diego,CA,27,18,44.44,2020,0,http://www.linkedin.com/company/axiomhealth,axiomhealth.com
TeachMeTo,San Francisco,CA,78,51,51.02,,7500000,http://www.linkedin.com/company/teachme-to,teachme.to
Cordial,San Diego,CA,242,208,16.18,2014,0,http://www.linkedin.com/company/becordial,cordial.com
Nue.io,San Francisco,CA,84,55,53.85,2019,0,http://www.linkedin.com/company/nue-io,nue.io
Inngest,San Francisco,CA,16,12,33.33,,14800000,http://www.linkedin.com/company/inngest-inc,inngest.com
Lasso MD,San Diego,CA,38,37,2.86,2018,3000000,http://www.linkedin.com/company/lassomd,lassomd.com
Bakkal Corporation,Bay Area,CA,85,43,97.56,2021,3000000,http://www.linkedin.com/company/bakkal-corporation,getbakkal.com
Rubber Ducky Labs (YC W23),San Francisco,CA,4,3,33.33,2022,0,http://www.linkedin.com/company/rubber-ducky-labs,rubberduckylabs.io
Privado.ai,San Francisco,CA,329,228,44.24,2020,0,http://www.linkedin.com/company/privado-ai,privado.ai
Default,San Francisco,CA,66,53,25,2021,0,http://www.linkedin.com/company/withdefault,default.com
Tenor,San Francisco,CA,8,2,300,2023,0,http://www.linkedin.com/company/tenorhq,tenorhq.com
FYI,Los Angeles,CA,114,73,55.56,2022,0,http://www.linkedin.com/company/fyi-me,fyi.me
Heard,San Francisco,CA,83,84,-1.25,2019,26700000,http://www.linkedin.com/company/joinheardinc,joinheard.com
Replicate,San Francisco,CA,49,14,242.86,2019,57900000,http://www.linkedin.com/company/replicate,replicate.com
CodeRabbit,Walnut Creek,CA,35,8,325,2023,19600000,http://www.linkedin.com/company/coderabbitai,coderabbit.ai
NachoNacho,San Francisco,CA,24,19,27.78,2018,0,http://www.linkedin.com/company/nachonacho,nachonacho.com
Middleware (YC W23),San Francisco,CA,58,49,17.02,2022,7000000,http://www.linkedin.com/company/middleware-labs,middleware.io
Pathr.ai,Mountain View,CA,26,29,-10.71,2019,0,http://www.linkedin.com/company/pathr,pathr.ai
Flike,San Francisco,CA,2,13,-83.33,,0,http://www.linkedin.com/company/goflike,flike.app
Trustero,Palo Alto,CA,21,13,66.67,2020,18300000,http://www.linkedin.com/company/trustero,trustero.com
Trendsi,San Francisco,CA,64,59,8.93,2020,0,http://www.linkedin.com/company/trendsi,trendsi.com
Hang,Los Angeles,CA,49,40,23.68,2021,20100000,http://www.linkedin.com/company/hang-nft,hang.xyz
FirstWatch,Carlsbad,CA,216,125,72.36,2002,0,http://www.linkedin.com/company/firstwatch,firstwatch.net
Growthsayer,San Diego,CA,2,3,-33.33,2019,0,http://www.linkedin.com/company/growthsayer,growthsayer.com
andAI,San Francisco,CA,10,2,400,2024,0,http://www.linkedin.com/company/and-ai,tryandai.com
Avataros,Los Angeles,CA,6,5,20,2023,0,http://www.linkedin.com/company/avataros,avataros.com
ScrumLaunch,Los Angeles,CA,116,125,-7.32,2015,0,http://www.linkedin.com/company/scrumlaunch,scrumlaunch.com
CineBlock,Irvine,CA,3,3,0,2019,0,http://www.linkedin.com/company/cineblock,cineblock.com
Firework,San Mateo,CA,439,441,-0.48,2017,0,http://www.linkedin.com/company/fireworkhq,firework.com
Dynaboard,San Francisco,CA,5,17,-68.75,2021,0,http://www.linkedin.com/company/dynaboard,dynaboard.com
APIwiz,Pleasanton,CA,28,34,-15.63,2018,0,http://www.linkedin.com/company/apiwizio,apiwiz.io
Quilt,Redwood City,CA,81,58,40,2022,42000000,http://www.linkedin.com/company/quilthome,quilt.com
Mentum,San Francisco,CA,15,8,75,,0,http://www.linkedin.com/company/mentum-inc,getmentum.com
Ubicloud,San Francisco,CA,17,11,54.55,2023,16500000,http://www.linkedin.com/company/ubicloud,ubicloud.com
GoodOnes,San Francisco,CA,15,2,600,1982,0,http://www.linkedin.com/company/goodonesapp,goodones.app
Hospitable.com,San Francisco,CA,93,53,75,2016,0,http://www.linkedin.com/company/hospitable,hospitable.com
WethosAI,Newport Beach,CA,22,12,83.33,2023,7500000,http://www.linkedin.com/company/wethos-ai,wethos.ai
Neon,San Francisco,CA,18,15,20,2022,14000000,http://www.linkedin.com/company/neonpay,neonpay.com
Calfus,Pleasanton,CA,141,117,20,2021,0,http://www.linkedin.com/company/calfusinc,calfus.com
Pitney Bowes,San Diego,CA,,,,,0,http://www.linkedin.com/company/pitney-bowes-service-inc,pitneybowes.com
Tenyx,Mountain View,CA,22,17,31.25,2022,0,http://www.linkedin.com/company/tenyx,tenyx.com
Sphere,San Francisco,CA,12,22,-47.62,,0,http://www.linkedin.com/school/getsphere,getsphere.com
Bluesky Data,Menlo Park,CA,48,60,-19.3,2022,8800000,http://www.linkedin.com/company/bluesky-data,getbluesky.io
Operative Intelligence,Los Angeles,CA,24,20,21.05,2019,3730000,http://www.linkedin.com/company/operative-intelligence,operativeintelligence.com
Openlayer,San Francisco,CA,16,6,150,2021,19300000,http://www.linkedin.com/company/openlayerco,openlayer.com
Fiery,Fremont,CA,310,258,20.16,1989,0,http://www.linkedin.com/company/fieryprint,fiery.com
SuprSend,San Francisco,CA,15,14,7.69,2022,0,http://www.linkedin.com/company/suprsend,suprsend.com
Dagster Labs,San Francisco,CA,87,68,26.87,2018,0,http://www.linkedin.com/company/dagsterlabs,dagsterlabs.com
Niantic,San Francisco,CA,1047,954,9.68,2011,780000000,http://www.linkedin.com/company/niantic,nianticlabs.com
P0 Security,San Francisco,CA,20,11,81.82,2022,20000000,http://www.linkedin.com/company/p0-security,p0.dev
Prelay,San Francisco,CA,13,16,-18.75,2019,0,http://www.linkedin.com/company/prelayhq,prelay.com
Foxglove,San Francisco,CA,44,33,35.48,,18700000,http://www.linkedin.com/company/foxglovedev,foxglove.dev
RivetAI,Culver City,CA,4,5,-20,2018,0,http://www.linkedin.com/company/rivetai,rivetai.com
Payroll Integrations,San Diego,CA,34,27,26.92,,20400000,http://www.linkedin.com/company/payroll-integrations,payrollintegrations.com
Lekko,San Francisco,CA,3,6,-50,,0,http://www.linkedin.com/company/lekkodev,lekko.com
Teamraderie,Los Altos,CA,24,25,-4.17,2020,16200000,http://www.linkedin.com/company/teamraderie,teamraderie.com
Diffine,San Diego,CA,37,30,24.14,2018,0,http://www.linkedin.com/company/diffine,diffine.com
Bump,Los Angeles,CA,23,23,0,2022,14000000,http://www.linkedin.com/company/bumpglobal,usebump.com
Trebellar,San Francisco,CA,17,18,-5.88,2022,3500000,http://www.linkedin.com/company/trebellar,trebellar.com
TakeProfit,San Francisco,CA,37,40,-7.69,2021,9700000,http://www.linkedin.com/company/takeprofit,takeprofit.com
Unum ID,San Francisco,CA,16,15,7.14,,0,http://www.linkedin.com/company/unum-id,unumid.co
Tech Holding,Los Angeles,CA,208,124,67.21,2016,0,http://www.linkedin.com/company/techholding,techholding.co
Zuum App,Irvine,CA,82,80,2.56,2016,0,http://www.linkedin.com/company/zuumapp,zuumapp.com
Graft,San Francisco,CA,34,22,52.38,2021,0,http://www.linkedin.com/company/graftinc,graft.com
Antimatter,San Francisco,CA,22,14,61.54,2020,0,http://www.linkedin.com/company/antimattertechnologies,antimatter.io
Andolasoft,San Jose,CA,153,140,9.29,2009,0,http://www.linkedin.com/company/andolasoft-inc,andolasoft.com
Factor Hardware,San Francisco,CA,22,16,31.25,2018,0,http://www.linkedin.com/company/factorhardware,factorhardware.com
LINK,Los Angeles,CA,71,43,66.67,2019,0,http://www.linkedin.com/company/linktoany,linktoany.com
Plateron,San Ramon,CA,58,42,39.02,2021,0,http://www.linkedin.com/company/plateron,plateron.com
Redis Labs,Mountain View,CA,1625,1094,48.56,2011,356800000,http://www.linkedin.com/company/redis-labs-inc,redislabs.com
AccuChain,San Jose,CA,2,5,-60,2019,450900000,http://www.linkedin.com/company/accuchain,accuchain.com
Paper.xyz,San Francisco,CA,6,17,-62.5,2022,0,http://www.linkedin.com/company/paperxyz,paper.xyz
Coaching.com,San Diego,CA,288,238,21.03,2012,0,http://www.linkedin.com/company/coachingdotcom,wbecs.learnworlds.com/course/breakthrough-coaching
Platformatic,San Francisco,CA,17,12,45.45,2022,7800000,http://www.linkedin.com/company/platformatic,platformatic.dev
CMX1 (ComplianceMetrix),La Jolla,CA,83,77,8,2009,0,http://www.linkedin.com/company/compliancemetrix,cmx1.com
Fuzzland,Palo Alto,CA,11,9,22.22,2022,0,http://www.linkedin.com/company/hackthedefi,fuzz.land
Fractalis,San Francisco,CA,4,4,0,2015,0,http://www.linkedin.com/company/fractalis-inc,fractal.is
Journify,San Francisco,CA,14,11,27.27,2023,0,http://www.linkedin.com/company/journifyio,journify.io/book-a-call
Digma,Sunnyvale,CA,14,16,-13.33,2022,6510000,http://www.linkedin.com/company/digma-ai,digma.ai
ThoughtSphere,Santa Clara,CA,38,27,38.46,2015,14000000,http://www.linkedin.com/company/thoughtsphere-inc,thoughtsphere.com
Rizort,San Francisco,CA,4,3,33.33,2017,0,http://www.linkedin.com/company/rizort,rizort.com
Northbeam,San Francisco,CA,65,58,12.73,2019,17600000,http://www.linkedin.com/company/northbeam,northbeam.io
Channel99,San Francisco,CA,19,13,50,2022,0,http://www.linkedin.com/company/channel-99-inc,channel99.com
Martian,San Francisco,CA,26,14,78.57,2022,9000000,http://www.linkedin.com/company/withmartian,withmartian.com
NocoDB,San Francisco,CA,14,14,0,2021,0,http://www.linkedin.com/company/nocodb,nocodb.com
Airmart,Redwood City,CA,27,29,-7.14,2018,8170000,http://www.linkedin.com/company/goairmart,goairmart.com
iQuantum,Palo Alto,CA,42,28,48.15,2014,0,http://www.linkedin.com/company/iquantumai,iquantum.ai
Reejig,San Francisco,CA,42,71,-41.43,2019,0,http://www.linkedin.com/company/reejig,reejig.com
Amplemarket,San Francisco,CA,104,84,24.39,2016,0,http://www.linkedin.com/company/amplemarket,amplemarket.com
Dayslice,San Francisco,CA,6,12,-45.45,2021,0,http://www.linkedin.com/company/dayslice,dayslice.com
Fast Break Labs,San Francisco,CA,3,17,-81.25,,0,http://www.linkedin.com/company/fast-break-labs,fastbreaklabs.com
Wingman,Fremont,CA,12,16,-25,2018,0,http://www.linkedin.com/company/wingmanforsales,trywingman.com
Zapier,San Francisco,CA,1210,1136,6.47,2011,1400000,http://www.linkedin.com/company/zapier,zapier.com
Bionic,Palo Alto,CA,162,132,22.22,2019,0,http://www.linkedin.com/company/bionicai,bionic.ai
Serenity EHS,San Diego,CA,123,110,11.43,2019,0,http://www.linkedin.com/company/serenityehs,serenityehs.com
Class Companion,San Francisco,CA,12,9,22.22,,0,http://www.linkedin.com/company/classcompanion,classcompanion.com
Eva,San Diego,CA,626,519,20.63,2019,0,http://www.linkedin.com/company/eva-commerce-inc,linktr.ee/eva.guru
Ensis AI,San Francisco,CA,8,9,-11.11,2023,0,http://www.linkedin.com/company/ensis-ai,ensis.ai
Orkes,Cupertino,CA,64,45,41.86,2020,29300000,http://www.linkedin.com/company/orkes-inc,orkes.io
Kraftful,San Francisco,CA,18,16,13.33,,0,http://www.linkedin.com/company/kraftful,kraftful.com
Revvable,San Francisco,CA,8,17,-50,2021,0,http://www.linkedin.com/company/revvable,revvable.com
Endor Labs,Palo Alto,CA,149,93,59.55,2021,5000000,http://www.linkedin.com/company/endorlabs,endor.ai
Thena,Palo Alto,CA,37,45,-18.6,2022,7160000,http://www.linkedin.com/company/thena-platform,thena.ai
Hatica,San Francisco,CA,29,36,-17.65,2019,6420000,http://www.linkedin.com/company/hatica,hatica.io
buck.ai,Berkeley,CA,14,12,18.18,2017,0,http://www.linkedin.com/company/buck-ai,buck.ai
Candle,Newport Beach,CA,4,3,33.33,2023,0,http://www.linkedin.com/company/projectcandle,projectcandle.ai
CNaught,San Francisco,CA,11,6,83.33,2022,0,http://www.linkedin.com/company/cnaught,cnaught.com
Instock.com,San Carlos,CA,49,44,11.63,,7240000,http://www.linkedin.com/company/instockcom,instock.com
ZIR AI,Cupertino,CA,78,58,34.55,,0,http://www.linkedin.com/company/vectara,vectara.com
4CRisk.ai,San Francisco,CA,44,41,7.69,2019,8000000,http://www.linkedin.com/company/4crisk,4crisk.ai
Amplifier Security,San Francisco,CA,16,13,23.08,2023,8800000,http://www.linkedin.com/company/amplifier-security,amplifiersecurity.com
Airvine,Santa Clara,CA,29,26,12,2017,26600000,http://www.linkedin.com/company/airvine,airvine.com
Beam,San Francisco,CA,15,7,100,,0,http://www.linkedin.com/company/usebeam,usebeam.co
Check Point Software Technologies,San Carlos,CA,8221,7762,5.92,1993,0,http://www.linkedin.com/company/check-point-software-technologies,protego.io
KinderSystems,Escondido,CA,98,94,4.35,,0,http://www.linkedin.com/company/kindersystems,kindersystems.com
Postman,San Francisco,CA,2202,2073,6.23,2014,433000000,http://www.linkedin.com/company/postman-platform,getpostman.com
FERMÀT,San Francisco,CA,91,50,81.25,,0,http://www.linkedin.com/company/fermat-commerce,fermatcommerce.com
ESGgo,Los Altos,CA,21,19,11.11,2022,0,http://www.linkedin.com/company/esggo,esggo.com
Bardeen,San Francisco,CA,43,45,-4.65,2020,21800000,http://www.linkedin.com/company/bardeen,bardeen.ai
Metadome (formerly Adloid),San Mateo,CA,84,66,26.15,2017,0,http://www.linkedin.com/company/metadome,metadome.ai
Makelog,San Francisco,CA,4,6,-33.33,,0,http://www.linkedin.com/company/makelog,makelog.com
Kaya,San Francisco,CA,22,25,-12.5,2020,0,http://www.linkedin.com/company/kaya-co,joinkaya.com
SkillCat,San Francisco,CA,61,58,5.26,2020,0,http://www.linkedin.com/company/skillcat,skillcatapp.com
PassRight - U.S. Visa,San Francisco,CA,14,1,1300,,0,http://www.linkedin.com/company/passright,passright.com
Svix,San Francisco,CA,16,7,114.29,2021,0,http://www.linkedin.com/company/svix,svix.com
Keeta,Santa Monica,CA,15,18,-17.65,2022,31700000,http://www.linkedin.com/company/keetapay,keeta.com
KeepTruckin,San Francisco,CA,4131,4140,-0.23,2013,567300000,http://www.linkedin.com/company/keep-truckin,keeptruckin.com
Uplimit,San Mateo,CA,69,60,15.25,2021,19500000,http://www.linkedin.com/company/uplimit-education,uplimit.com
Pavilion,San Francisco,CA,56,44,27.91,2018,0,http://www.linkedin.com/company/withpavilion,withpavilion.com
Tingono (Stealth),San Francisco,CA,8,14,-38.46,2021,0,http://www.linkedin.com/company/tingono,tingono.com
Smile ID,Portola Valley,CA,66,64,3.17,2017,31000000,http://www.linkedin.com/company/usesmileid,usesmileid.com
Supabase,San Francisco,Ca,135,90,50.62,2020,398000000,http://www.linkedin.com/company/supabase,supabase.com
Luma AI,San Francisco,CA,166,55,202.08,2021,114000000,http://www.linkedin.com/company/luma-ai,lumalabs.ai
Cortex,San Francisco,CA,138,96,44.33,2019,113000000,http://www.linkedin.com/company/cortexapp,cortex.io
Flip,Los Angeles,CA,309,271,13.93,2019,306000000,http://www.linkedin.com/company/joinflip,flip.shop
Watershed,San Francisco,CA,580,432,34.12,2019,210000000,http://www.linkedin.com/company/watershedclimate,watershed.com
Omni,San Francisco,CA,551,370,48.94,2022,116,http://www.linkedin.com/company/exploreomni,exploreomni.com
Polyhedra Network,San Francisco,CA,23,17,41.18,,45000000,http://www.linkedin.com/company/polyhedrazk,polyhedra.network
Iteris,Santa Ana,CA,653,646,0.96,2004,6500000,http://www.linkedin.com/company/iteris-inc-,iteris.com
Semgrep,San Francisco,CA,187,161,16.22,2017,0,http://www.linkedin.com/company/semgrep,semgrep.dev
Agency,San Francisco,CA,426,59,629.55,2023,500000,http://www.linkedin.com/company/aistaff,agen.cy
Sanas,Palo Alto,CA,282,158,79.05,,116000000,http://www.linkedin.com/company/sanastech,sanas.ai
Albert Invent,Bay Area,CA,157,96,62.5,2022,49200000,http://www.linkedin.com/company/albert-invent,albertinvent.com
Ema Unlimited,San Francisco,CA,121,38,225,2023,75000000,http://www.linkedin.com/company/ema-unlimited,ema.co
Spait Infotech,San Francisco,CA,319,66,382.61,2010,0,http://www.linkedin.com/company/spait-infotech2024,spaitinfotech.com
Enfabrica,Mountain View,CA,155,125,24.35,2019,0,http://www.linkedin.com/company/acebinfra1,enfabrica.net
Tessell,San Francisco,CA,164,138,18.7,2021,0,http://www.linkedin.com/company/tessell-inc,tessell.com
Topsort,San Francisco,CA,107,63,69.81,2021,43200000,http://www.linkedin.com/company/topsort,topsort.com
Auxia,Palo Alto,CA,47,18,152.94,,29000000,http://www.linkedin.com/company/auxia-io,auxia.io
Metronome,San Francisco,CA,135,100,34.69,2020,130000000,http://www.linkedin.com/company/getmetronome,metronome.com
xtype.io,Covina,CA,48,33,46.88,2020,31800000,http://www.linkedin.com/company/xtype,xtype.io
SDF Labs,Los Angeles,CA,142,39,265.79,,0,http://www.linkedin.com/company/sdflabs,sdf.com
Zocks | AI for Advisors,San Francisco,CA,43,21,100,2022,19300000,http://www.linkedin.com/company/zocks,zocks.io
Phantom,San Francisco,CA,256,155,64.86,2021,268000000,http://www.linkedin.com/company/phantomwallet,phantom.app
KittyCAD,San Francisco,CA,140,58,141.82,2021,5120000,http://www.linkedin.com/company/kittycad,kittycad.io
Sift,El Segundo,CA,39,18,111.11,2022,25000000,http://www.linkedin.com/company/sift-stack,siftstack.com
Willo,San Francisco,CA,56,43,29.27,2018,37200000,http://www.linkedin.com/company/willovideo,willo.video
Nibiru Chain,Palo Alto,CA,37,30,20.69,2022,20500000,http://www.linkedin.com/company/nibiruchain,nibiru.fi
Tavus,San Francisco,CA,41,34,21.88,2020,28200000,http://www.linkedin.com/company/tavus-io,tavus.io
Alvys,Solana Beach,CA,153,116,31.58,,26800000,http://www.linkedin.com/company/alvysinc,alvys.com
Rypplzz,Los Angeles,CA,19,17,12.5,2016,7960000,http://www.linkedin.com/company/rypplzz,rypplzz.com
SGNL,Palo Alto,CA,48,43,11.9,2021,42000000,http://www.linkedin.com/company/sgnl-ai,sgnl.ai
Aampe,San Francisco,CA,37,20,84.21,2020,27300000,http://www.linkedin.com/company/aampe,aampe.com
interface.ai,Walnut,CA,226,180,26.14,2019,30000000,http://www.linkedin.com/company/interface-ai,interface.ai
Planera,Pleasanton,CA,40,22,80.95,2021,18700000,http://www.linkedin.com/company/planera-inc,planera.io
Boon,San Mateo,CA,42,16,156.25,2023,20500000,http://www.linkedin.com/company/boon-technologies-inc,getboon.ai
Numeric,Newbury,CA,53,21,147.62,,38000000,http://www.linkedin.com/company/numeric-io,numeric.io
Field Materials,San Jose,CA,29,18,64.71,2022,18600000,http://www.linkedin.com/company/fieldmaterials,fieldmaterials.com
Guidde,Belmont,CA,48,30,62.07,2020,30600000,http://www.linkedin.com/company/guidde,guidde.com
Clerk Chat,San Francisco,CA,56,23,139.13,2022,7000000,http://www.linkedin.com/company/clerk-chat,clerk.chat
Factory,San Francisco,CA,632,285,122.22,2023,150000,http://www.linkedin.com/company/factory-hq,factory.ai
Speakeasy,San Francisco,CA,46,19,144.44,2022,37500000,http://www.linkedin.com/company/speakeasyapi,speakeasyapi.dev
Together,Menlo Park,CA,193,76,155.56,,,http://www.linkedin.com/company/togethercomputer,together.xyz
Technosylva,La Jolla,CA,140,93,49.44,1997,84200000,http://www.linkedin.com/company/technosylva,technosylva.com
ChangeEngine,San Francisco,CA,224,122,83.33,2021,15500000,http://www.linkedin.com/company/changeengine,changeengine.com
Zoo,Los Angeles,CA,133,54,145.28,2021,0,http://www.linkedin.com/company/zoodotdev,zoo.dev
Savant Labs,San Francisco,CA,50,35,45.45,2021,28800000,http://www.linkedin.com/company/savant-labs,savantlabs.io
ORO Labs,Palo Alto,CA,159,112,41.12,2020,82000000,http://www.linkedin.com/company/procurewithoro,orolabs.ai
Admin By Request,San Francisco,CA,104,43,142.86,,0,http://www.linkedin.com/company/adminbyrequest,adminbyrequest.com/en/freeplandownload
Gan.ai,Mountain View,CA,114,67,70.31,2021,0,http://www.linkedin.com/company/gan-ai,gan.ai
Ansa,San Francisco,CA,31,23,30.43,2022,19400000,http://www.linkedin.com/company/getansa,ansa.dev
Nuon,Los Angeles,CA,21,16,31.25,2021,16500000,http://www.linkedin.com/company/nuonco,nuon.co
ToolJet,San Francisco,CA,58,45,27.91,2021,6160000,http://www.linkedin.com/company/tooljet,tooljet.com
Elly Analytics,San Francisco,CA,38,31,23.33,2019,2000000,http://www.linkedin.com/company/elly-analytics,ellyanalytics.com
Momos,San Diego,CA,146,93,57.14,2021,16500000,http://www.linkedin.com/company/momos-com,momos.com
Arrows,Los Angeles,CA,19,16,20,2018,2800000,http://www.linkedin.com/company/arrows-to,arrows.to
FedML,Sunnyvale,CA,21,18,17.65,2022,0,http://www.linkedin.com/company/fedml,fedml.ai
Virtualitics,Pasadena,CA,31,27,15.38,2016,101000000,http://www.linkedin.com/company/virtualitics,virtualitics.com
Reflex,San Francisco,CA,32,16,93.75,2023,,http://www.linkedin.com/company/reflex-dev,reflex.dev
Valdera,San Francisco,CA,30,27,11.54,,20500000,http://www.linkedin.com/company/valdera,valdera.com
Vultron,,CA,31,16,87.5,,0,http://www.linkedin.com/company/vultron,vultron.ai
Movius,Cupertino,CA,305,269,13.28,,0,http://www.linkedin.com/company/movius-ai,movius.ai
Lumos,Silicon Valley,CA,156,106,47.52,2020,65300000,http://www.linkedin.com/company/lumosidentity,lumos.com
Kindo,Los Angeles,CA,46,24,87.5,2022,27600000,http://www.linkedin.com/company/kindo-ai,kindo.ai
PuppyGraph,Santa Clara,CA,18,17,5.88,2023,5000000,http://www.linkedin.com/company/puppygraph,puppygraph.com
Caramel,Los Angeles,CA,119,82,46.25,,40400000,http://www.linkedin.com/company/drivecaramel,drivecaramel.com
Exa,San Francisco,CA,58,31,90,,25700000,http://www.linkedin.com/company/exa-ai,exa.ai
TeamBridge,San Francisco,CA,58,31,90,2017,41100000,http://www.linkedin.com/company/team-bridge,teambridge.com
DuploCloud,San Jose,CA,149,105,42,2018,49200000,http://www.linkedin.com/company/duplocloud,duplocloud.com
Stan,Los Angeles,CA,134,63,111.29,2020,0,http://www.linkedin.com/company/stanwithme,stan.store
Squint,San Jose,CA,57,32,80.65,2021,19000000,http://www.linkedin.com/company/squintai,squint.ai
Remofirst,San Francisco,CA,128,95,35.56,2021,39300000,http://www.linkedin.com/company/remofirst,remofirst.com
Opus1.io,Palo Alto,CA,28,16,68.75,2018,0,http://www.linkedin.com/company/opus1-io,opus1.io
ACMUCR,Riverside,CA,113,55,105.56,,0,http://www.linkedin.com/company/acm-ucr,acm.cs.ucr.edu
Fondo,San Francisco,CA,103,78,32.43,,0,http://www.linkedin.com/company/fondohq,tryfondo.com
Superfiliate,Venice,CA,58,34,71.88,2021,8530000,http://www.linkedin.com/company/superfiliate,superfiliate.com
Paragon,Los Angeles,CA,115,91,26.97,,22000000,http://www.linkedin.com/company/useparagon,useparagon.com
Spec,San Jose,CA,147,118,25,2020,29700000,http://www.linkedin.com/company/specprotected,specprotected.com
Coalesce.io,San Francisco,CA,117,95,23.33,2020,81900000,http://www.linkedin.com/company/coalesceio,coalesce.io
Swoogo,Los Angeles,CA,144,120,19.49,2015,23600000,http://www.linkedin.com/company/swoogo,swoogo.events
Polycam,San Francisco,CA,48,31,56.67,2020,22100000,http://www.linkedin.com/company/polycam,poly.cam
Chalk,San Francisco,CA,90,48,87.5,,10000000,http://www.linkedin.com/company/chalkai,chalk.ai
Breezit,Palo Alto,CA,26,17,56.25,2020,2830000,http://www.linkedin.com/company/breezit-platform,breezit.com
Modular AI,Palo Alto,CA,275,226,21.86,2022,130000000,http://www.linkedin.com/company/modular-ai,modular.com
Weights and Biases,San Francisco,CA,319,258,23.72,2017,250000000,http://www.linkedin.com/company/weights-biases,wandb.ai
Weights and Biases,San Francisco,CA,318,258,23.32,,0,http://www.linkedin.com/company/wandb,wandb.ai
Vividly (formerly Cresicor),San Francisco,CA,129,111,15.6,,63900000,http://www.linkedin.com/company/govividly,govividly.com
Gyaan,San Francisco,CA,49,33,50,2022,0,http://www.linkedin.com/company/gyaanai,gyaan.ai
Conveyor,San Francisco,CA,50,34,48.48,2021,19000000,http://www.linkedin.com/company/conveyorhq,conveyor.com
Kira Learning,Palo Alto,CA,55,38,44.44,,22500000,http://www.linkedin.com/company/kira-learning,kira-learning.com
Adastec Corp.,San Francisco,CA,84,74,12.33,2018,10100000,http://www.linkedin.com/company/adastec,adastec.com
BlueFlag Security,Sunnyvale,CA,23,16,43.75,2022,11500000,http://www.linkedin.com/company/blueflag-security,blueflagsecurity.com
Scrut Automation,Palo Alto,CA,207,182,14.04,2022,21000000,http://www.linkedin.com/company/scrut-automation,scrut.io
CYGNVS,Los Altos,CA,114,104,10.1,,0,http://www.linkedin.com/company/cygnvs,cygnvs.com
Humand,San Francisco,CA,277,150,85.03,2020,0,http://www.linkedin.com/company/humand-co,humand.co
Curri,Los Angeles,CA,168,154,9.27,2018,50800000,http://www.linkedin.com/company/curri,curri.com
Mermaid Chart,San Francisco,CA,23,17,35.29,2022,7500000,http://www.linkedin.com/company/mermaid-chart,mermaidchart.com
Darwinium,San Francisco,CA,46,34,37.5,,28500000,http://www.linkedin.com/company/darwinium,darwinium.com
Antaris,Los Altos,CA,24,18,35.29,2021,14800000,http://www.linkedin.com/company/antaris-space,antaris.space
Optery,San Francisco,CA,46,35,33.33,2020,3200000,http://www.linkedin.com/company/optery,optery.com
Cosine,San Francisco,CA,21,16,31.25,,4000000,http://www.linkedin.com/company/cosine-ai,cosine.sh
Zingly.ai,San Francisco,CA,21,16,31.25,2021,18400000,http://www.linkedin.com/company/zingly-ai,zingly.ai
VESSL AI,San Francisco,CA,38,29,32.14,2020,16400000,http://www.linkedin.com/company/vesslai,vessl.ai
Gradient,San Francisco,CA,38,29,32.14,2022,89400000,http://www.linkedin.com/company/gradient-ai-platform,gradient.ai
Lumana,Los Gatos,CA,47,36,31.43,2021,24000000,http://www.linkedin.com/company/lumana-ai,lumana.ai
Harbour,San Francisco,CA,35,27,30.77,2019,20200000,http://www.linkedin.com/company/harbourshare,harbourshare.com
Hauler Hero,San Diego,CA,27,21,23.81,2020,15100000,http://www.linkedin.com/company/haulerhero,haulerhero.com
Parspec,San Francisco Bay Area,CA,54,42,29.27,2020,35000000,http://www.linkedin.com/company/parspec,parspec.io