company_name,city,state,current_employees,last_employees,employee_growth,founded,total_funding,linkedin_url,url,company_age
Cynthia.io,Agoura Hills,CA,6,6,0,00:00.0,0,http://www.linkedin.com/company/cynthia-io,cynthia.io,55
The Eighth Notch Inc. (T8N),Alamo,CA,7,7,0,,0,http://www.linkedin.com/company/t8notch,t8notch.com,
OnSolve,Alpharetta,CA,498,475,4.73,00:00.0,0,http://www.linkedin.com/company/onsolve,onsolve.com,55
Amberscript,Amsterdam,CA,241,220,9.26,00:00.0,0,http://www.linkedin.com/company/amberscript,amberscript.com,55
Bakkal Corporation,San Francisco,CA,85,43,97.56,00:00.0,3000000,http://www.linkedin.com/company/bakkal-corporation,getbakkal.com,55
Albert Invent,San Francisco,CA,157,96,62.5,00:00.0,49200000,http://www.linkedin.com/company/albert-invent,albertinvent.com,55
Guidde,Belmont,CA,48,30,62.07,00:00.0,30600000,http://www.linkedin.com/company/guidde,guidde.com,55
Algorized,Berkeley,CA,10,4,150,00:00.0,0,http://www.linkedin.com/company/algorized,algorized.com,55
buck.ai,Berkeley,CA,14,12,18.18,00:00.0,0,http://www.linkedin.com/company/buck-ai,buck.ai,55
MANUFACTURO,Brea,CA,62,37,69.44,,0,http://www.linkedin.com/company/manufacturo-com,manufacturo.com,
TicketManager,Calabasas,CA,106,84,26.83,00:00.0,0,http://www.linkedin.com/company/ticketmanager,ticketmanager.com,55
LaunchNotes,San Francisco,CA,27,29,-7.14,00:00.0,0,http://www.linkedin.com/company/launchnotes,launchnotes.com,55
Kahoona,San Francisco,CA,20,27,-26.92,00:00.0,0,http://www.linkedin.com/company/kahoonaio,kahoona.io,55
Limmi,Carlsbad,CA,3,6,-50,00:00.0,0,http://www.linkedin.com/company/limmi,limmi.io,55
WeblineIndia,Carlsbad,CA,131,124,5.65,00:00.0,0,http://www.linkedin.com/company/weblineindia,weblineindia.com,55
FirstWatch,Carlsbad,CA,216,125,72.36,00:00.0,0,http://www.linkedin.com/company/firstwatch,firstwatch.net,55
GigaCloud Technology,City Of Industry,CA,77,54,41.51,00:00.0,0,http://www.linkedin.com/company/giga-cloud-technology,gigacloudtech.com,55
KeyShot,Costa Mesa,CA,182,126,43.55,00:00.0,0,http://www.linkedin.com/company/keyshot,keyshot.com,55
Trio,Covina,CA,60,31,96.67,00:00.0,0,http://www.linkedin.com/company/trio-so,trio.so,55
Tagbox,Covina,CA,79,58,35.09,,0,http://www.linkedin.com/company/tagboxsocial,taggbox.com,
xtype.io,Covina,CA,48,33,46.88,00:00.0,31800000,http://www.linkedin.com/company/xtype,xtype.io,55
RivetAI,Culver City,CA,4,5,-20,00:00.0,0,http://www.linkedin.com/company/rivetai,rivetai.com,55
Fractl,Cupertino,CA,7,7,0,00:00.0,0,http://www.linkedin.com/company/fractl-io,fractl.io,55
Gridmatic,Cupertino,CA,53,36,48.57,00:00.0,0,http://www.linkedin.com/company/gridmatic,gridmatic.com/careers,55
Jarvis ML,Cupertino,CA,38,38,0,00:00.0,0,http://www.linkedin.com/company/jarvis-ml,jarvisml.com,55
Orkes,Cupertino,CA,64,45,41.86,00:00.0,29300000,http://www.linkedin.com/company/orkes-inc,orkes.io,55
ZIR AI,Cupertino,CA,78,58,34.55,,0,http://www.linkedin.com/company/vectara,vectara.com,
Movius,Cupertino,CA,305,269,13.28,,0,http://www.linkedin.com/company/movius-ai,movius.ai,
Quolum,Dublin,CA,38,35,8.82,00:00.0,0,http://www.linkedin.com/company/quolum,quolum.com,55
Tailor,Dublin,CA,138,82,68.75,00:00.0,0,http://www.linkedin.com/company/tailortech,tailor.tech,55
Dibbs,El Segundo,CA,22,34,-34.38,00:00.0,0,http://www.linkedin.com/company/dibbsio,linktr.ee/dibbs.io,55
Sift,El Segundo,CA,39,18,111.11,00:00.0,25000000,http://www.linkedin.com/company/sift-stack,siftstack.com,55
Questflow,Emeryville,CA,6,2,200,,0,http://www.linkedin.com/company/questflow,questflow.ai,
Tempello AI,Encinitas,CA,9,8,12.5,00:00.0,0,http://www.linkedin.com/company/tempello,tempello.ai,55
REDCap Cloud,Encinitas,CA,136,110,23.15,00:00.0,0,http://www.linkedin.com/company/redcapcloud,redcapcloud.com,55
KinderSystems,Escondido,CA,98,94,4.35,,0,http://www.linkedin.com/company/kindersystems,kindersystems.com,
Kubit,Fremont,CA,49,50,-2.08,00:00.0,24600000,http://www.linkedin.com/company/kubit-ai,kubit.ai,55
Fiery,Fremont,CA,310,258,20.16,00:00.0,0,http://www.linkedin.com/company/fieryprint,fiery.com,55
Wingman,Fremont,CA,12,16,-25,00:00.0,0,http://www.linkedin.com/company/wingmanforsales,trywingman.com,55
CUBE,El Segundo,CA,69,47,47.83,,0,http://www.linkedin.com/company/cube-ms,cube.ms,
Enerflo,Huntington Beach,CA,97,72,33.8,00:00.0,0,http://www.linkedin.com/company/enerflo,enerflo.com,55
HappyFox,Irvine,CA,134,125,7.44,00:00.0,0,http://www.linkedin.com/company/happyfox-inc-,happyfox.com,55
TadHealth,Irvine,CA,18,13,38.46,00:00.0,0,http://www.linkedin.com/company/tadhealth,gettadhealth.com,55
Orbee,Irvine,CA,77,71,7.35,00:00.0,10300000,http://www.linkedin.com/company/orbee,orbee.com,55
EvGateway,Irvine,CA,109,87,25.88,00:00.0,0,http://www.linkedin.com/company/evgateway,evgateway.com/index.php,55
Kantata,Irvine,CA,543,620,-12.5,00:00.0,0,http://www.linkedin.com/company/gokantata,kantata.com,55
Bitus Labs,Irvine,CA,55,42,31.71,00:00.0,0,http://www.linkedin.com/company/bituslabs,bituslabs.com,55
EvGateway,Irvine,CA,109,87,25.88,00:00.0,0,http://www.linkedin.com/company/evgateway,evgateway.com,55
Immerse,Irvine,CA,60,42,42.5,00:00.0,0,http://www.linkedin.com/company/immerseinc,immerse.online,55
Mortgage Coach,Irvine,CA,26,35,-26.47,,0,http://www.linkedin.com/company/mortgagecoach,mortgagecoach.com,
AgTools,Irvine,CA,44,37,19.44,00:00.0,0,http://www.linkedin.com/company/agtools,ag.tools,55
CineBlock,Irvine,CA,3,3,0,00:00.0,0,http://www.linkedin.com/company/cineblock,cineblock.com,55
Zuum App,Irvine,CA,82,80,2.56,00:00.0,0,http://www.linkedin.com/company/zuumapp,zuumapp.com,55
CMX1 (ComplianceMetrix),La Jolla,CA,83,77,8,00:00.0,0,http://www.linkedin.com/company/compliancemetrix,cmx1.com,55
Technosylva,La Jolla,CA,140,93,49.44,00:00.0,84200000,http://www.linkedin.com/company/technosylva,technosylva.com,55
SHC,Laguna Beach,CA,150,125,19.51,00:00.0,0,http://www.linkedin.com/company/smart-health-clubs,smarthealthclubs.com,55
iBASEt,Lake Forest,CA,301,310,-2.96,00:00.0,0,http://www.linkedin.com/company/ibaset,ibaset.com,55
Tendril,Long Beach,CA,61,51,18.37,00:00.0,800000,http://www.linkedin.com/company/tendrilllc,tendril.us,55
iTrustCapital,Long Beach,CA,73,58,26.32,00:00.0,0,http://www.linkedin.com/company/itrustcapital00,itrustcapital.com,55
PhaseZero.ai,Los Altos,CA,63,47,34.78,00:00.0,0,http://www.linkedin.com/company/phasezeroai,phasezero.ai,55
Mawari,Los Altos,CA,29,20,47.37,00:00.0,20300000,http://www.linkedin.com/company/mawari,mawari.io,55
Descope,Los Altos,CA,84,57,48.15,00:00.0,0,http://www.linkedin.com/company/descope,descope.com,55
Teamraderie,Los Altos,CA,24,25,-4.17,00:00.0,16200000,http://www.linkedin.com/company/teamraderie,teamraderie.com,55
ESGgo,Los Altos,CA,21,19,11.11,00:00.0,0,http://www.linkedin.com/company/esggo,esggo.com,55
CYGNVS,Los Altos,CA,114,104,10.1,,0,http://www.linkedin.com/company/cygnvs,cygnvs.com,
Antaris,Los Altos,CA,24,18,35.29,00:00.0,14800000,http://www.linkedin.com/company/antaris-space,antaris.space,55
UpdateAI,Los Angeles,CA,20,24,-17.39,00:00.0,5650000,http://www.linkedin.com/company/update-ai,update.ai,55
Fuel Cycle,Los Angeles,CA,162,161,0.63,00:00.0,0,http://www.linkedin.com/company/fuelcycle,fuelcycle.com,55
LawPro.ai,Los Angeles,CA,11,2,450,00:00.0,0,http://www.linkedin.com/company/lawpro-ai,lawpro.ai,55
Quilter,Los Angeles,CA,30,28,7.41,00:00.0,40400000,http://www.linkedin.com/company/quilterai,quilter.ai,55
System 9,Los Angeles,CA,26,30,-13.79,00:00.0,0,http://www.linkedin.com/company/system9,system9.io,55
Heart To Heart,Los Angeles,CA,20,27,-26.92,00:00.0,0,http://www.linkedin.com/company/heart-to-heart-tech-inc,h2haudiodating.com,55
UpKeep,Los Angeles,CA,146,137,6.72,00:00.0,0,http://www.linkedin.com/company/on-upkeep,upkeep.com,55
Oda Studio,Los Angeles,CA,27,36,-23.53,00:00.0,0,http://www.linkedin.com/company/odastudioapp,studio.odaportal.com,55
nurdsoft,Los Angeles,CA,28,18,50,00:00.0,0,http://www.linkedin.com/company/nurdsoft,nurdsoft.co,55
GoContact,Los Angeles,CA,172,197,-12.44,00:00.0,0,http://www.linkedin.com/company/gocontact,gocontact.com,55
Gigs,Los Angeles,CA,16,12,36.36,00:00.0,0,http://www.linkedin.com/company/gogetgigs,getgigs.coexternal,55
Bevz,Los Angeles,CA,34,38,-11.11,00:00.0,10200000,http://www.linkedin.com/company/bevz,bevz.com,55
MSBAI (Techstars '20),Los Angeles,CA,19,19,0,00:00.0,0,http://www.linkedin.com/company/msbai,msb.ai,55
Lightspark,Los Angeles,CA,80,50,58.33,00:00.0,0,http://www.linkedin.com/company/lightspark-group,lightspark.com,55
Goldenset Collective,Los Angeles,CA,4,4,0,00:00.0,0,http://www.linkedin.com/company/goldenset,goldenset.com,55
Cartwheel,Los Angeles,CA,29,29,0,00:00.0,0,http://www.linkedin.com/company/trycartwheel,trycartwheel.com,55
AlohaABA,Los Angeles,CA,18,10,80,00:00.0,0,http://www.linkedin.com/company/alohaaba,alohaaba.com,55
Haystack,Los Angeles,CA,52,42,24.39,00:00.0,0,http://www.linkedin.com/company/gohaystack,haystackteam.com/demo-request,55
Regard,Los Angeles,CA,93,72,28.99,00:00.0,84300000,http://www.linkedin.com/company/regard-technologies,withregard.com,55
Rollup,Los Angeles,CA,10,18,-44.44,00:00.0,0,http://www.linkedin.com/company/rollup-inc,rollup.ai,55
OurSky,Los Angeles,CA,7,10,-30,,0,http://www.linkedin.com/company/oursky-ai,oursky.ai,
WEEDAR,Los Angeles,CA,19,9,100,,0,http://www.linkedin.com/company/weedar-app,weedar.io,
Alltius,Los Angeles,CA,36,38,-5.56,00:00.0,2400000,http://www.linkedin.com/company/alltius,alltius.ai,55
Fyxt,Los Angeles,CA,21,27,-23.08,00:00.0,0,http://www.linkedin.com/company/fyxt,fyxt.com,55
Locker,Los Angeles,CA,56,44,27.91,00:00.0,3500000,http://www.linkedin.com/company/wantlocker,wantlocker.com,55
YepChat,Los Angeles,CA,29,15,86.67,00:00.0,0,http://www.linkedin.com/company/yepchat,yepchat.com,55
StyleScan,Los Angeles,CA,9,12,-18.18,00:00.0,0,http://www.linkedin.com/company/stylescan,stylescan.com,55
The New Computer Corporation,Los Angeles,CA,15,14,7.69,,0,http://www.linkedin.com/company/thenewcomputercorporation,ncc.la,
Galvanick,Los Angeles,CA,20,16,26.67,00:00.0,16000000,http://www.linkedin.com/company/galvanick,galvanick.com,55
Boulevard,Los Angeles,CA,408,317,28.62,00:00.0,0,http://www.linkedin.com/company/boulevard,joinblvd.com,55
Pirros,Los Angeles,CA,16,12,36.36,00:00.0,0,http://www.linkedin.com/company/pirros,pirros.io/lib,55
MSA SOFTWARE,Los Angeles,CA,17,13,30.77,00:00.0,0,http://www.linkedin.com/company/msa-software,msasoftware.us,55
conexio,Los Angeles,CA,91,96,-5.32,,0,http://www.linkedin.com/company/conexiocx,conexiogroup.com,
Shypyard,Los Angeles,CA,15,18,-17.65,,0,http://www.linkedin.com/company/shypyard,shypyard.com,
KIKI,Los Angeles,CA,31,19,57.89,,0,http://www.linkedin.com/company/kikiworld,launch.kiki.world,
MightyMeld,Los Angeles,CA,7,6,16.67,00:00.0,0,http://www.linkedin.com/company/mightymeld,mightymeld.com,55
Klear.ai,Los Angeles,CA,35,24,41.67,,0,http://www.linkedin.com/company/klearai,klear.ai,
Nominal,Los Angeles,CA,65,26,156,00:00.0,0,http://www.linkedin.com/company/nominal-inc,nominal.io,55
DigiMark Developers,Los Angeles,CA,69,45,54.55,00:00.0,0,http://www.linkedin.com/company/digimarkdevelopers,digimarkdevelopers.com,55
ODIN AI,Los Angeles,CA,34,32,6.45,00:00.0,0,http://www.linkedin.com/company/get-odin-ai,getodin.ai,55
Terzo,Los Angeles,CA,136,117,15.65,00:00.0,0,http://www.linkedin.com/company/terzoai,terzo.ai,55
Top Rated UX Design Firm,Los Angeles,Ca,39,30,31.03,00:00.0,0,http://www.linkedin.com/company/wandrstudio,wandr.studio,55
Persist Ventures,Los Angeles,CA,161,96,68.09,,0,http://www.linkedin.com/company/persist-ventures,persistventures.com,
Metaverse Fashion Council,Los Angeles,CA,135,114,17.86,00:00.0,0,http://www.linkedin.com/company/metaverse-fashion-council,metaversefashioncouncil.org,55
SymphonyOS,Los Angeles,CA,17,13,33.33,00:00.0,0,http://www.linkedin.com/company/symphonyos,symphony.to,55
Ahara Corporation,Los Angeles,CA,18,21,-15,00:00.0,10000000,http://www.linkedin.com/company/ahara-corporation,ahara.com,55
Nearsure,Los Angeles,CA,312,220,41.67,,0,http://www.linkedin.com/company/nearsure,nearsure.com,
Plai Labs,Los Angeles,CA,79,39,102.7,00:00.0,0,http://www.linkedin.com/company/plai-labs,plailabs.com,55
LighthouseAI,Los Angeles,CA,,,21.88,00:00.0,0,http://www.linkedin.com/company/lighthouseai,lighthouseai.com,55
Blaze,Los Angeles,CA,17,8,100,,0,http://www.linkedin.com/company/blaze-technology,blaze.tech,
Skool,Los Angeles,CA,283,186,52.2,,0,http://www.linkedin.com/company/skool-com,skool.com,
Kippo (Covalent Inc.),Los Angeles,CA,12,17,-31.25,00:00.0,0,http://www.linkedin.com/company/kippo-covalent-inc,kippoapp.com,55
Payabli,Los Angeles,CA,68,39,75.68,00:00.0,32500000,http://www.linkedin.com/company/payabli,payabli.com,55
Trick Studios,Los Angeles,CA,242,154,56.95,,0,http://www.linkedin.com/company/trick-studios,trickgs.com,
ManageAmerica | Property Management Software,Los Angeles,CA,71,56,27.27,00:00.0,0,http://www.linkedin.com/company/manageamerica,manageamerica.com,55
Blitz,Los Angeles,CA,96,88,9.3,00:00.0,0,http://www.linkedin.com/company/theblitzapp,blitz.gg,55
8Flow,Los Angeles,CA,18,13,41.67,00:00.0,16600000,http://www.linkedin.com/company/8flow,8flow.com,55
Jointly,Los Angeles,CA,21,21,0,00:00.0,0,http://www.linkedin.com/company/jointlybetter,jointlybetter.com,55
Baklava,Los Angeles,CA,35,22,54.55,00:00.0,0,http://www.linkedin.com/company/baklava,baklavaapp.com,55
Wave,Los Angeles,CA,113,129,-11.9,00:00.0,0,http://www.linkedin.com/company/thewavexr,wavexr.com,55
COMMUNITYx,Los Angeles,CA,6,8,-25,00:00.0,0,http://www.linkedin.com/company/communityx,communityx.tech,55
Tinder,Los Angeles,CA,1089,1021,6.69,00:00.0,0,http://www.linkedin.com/company/tinder-incorporated,lifeattinder.com,55
Gas,Los Angeles,CA,290,173,67.06,00:00.0,0,http://www.linkedin.com/company/gasapp,gasapp.co,55
Noctal,Los Angeles,CA,12,,21.88,,0,http://www.linkedin.com/company/noctalinc,noctal.xyz,
Arena Club,Los Angeles,CA,46,29,57.14,,25400000,http://www.linkedin.com/company/goarenaclub,arenaclub.com,
Sidekick,Los Angeles,CA,3,4,-25,00:00.0,0,http://www.linkedin.com/company/sidekick-hq,sidekick-hq.com,55
FYI,Los Angeles,CA,114,73,55.56,00:00.0,0,http://www.linkedin.com/company/fyi-me,fyi.me,55
Hang,Los Angeles,CA,49,40,23.68,00:00.0,20100000,http://www.linkedin.com/company/hang-nft,hang.xyz,55
Avataros,Los Angeles,CA,6,5,20,00:00.0,0,http://www.linkedin.com/company/avataros,avataros.com,55
ScrumLaunch,Los Angeles,CA,116,125,-7.32,00:00.0,0,http://www.linkedin.com/company/scrumlaunch,scrumlaunch.com,55
Operative Intelligence,Los Angeles,CA,24,20,21.05,00:00.0,3730000,http://www.linkedin.com/company/operative-intelligence,operativeintelligence.com,55
Bump,Los Angeles,CA,23,23,0,00:00.0,14000000,http://www.linkedin.com/company/bumpglobal,usebump.com,55
Tech Holding,Los Angeles,CA,208,124,67.21,00:00.0,0,http://www.linkedin.com/company/techholding,techholding.co,55
LINK,Los Angeles,CA,71,43,66.67,00:00.0,0,http://www.linkedin.com/company/linktoany,linktoany.com,55
Flip,Los Angeles,CA,309,271,13.93,00:00.0,306000000,http://www.linkedin.com/company/joinflip,flip.shop,55
SDF Labs,Los Angeles,CA,142,39,265.79,,0,http://www.linkedin.com/company/sdflabs,sdf.com,
Rypplzz,Los Angeles,CA,19,17,12.5,00:00.0,7960000,http://www.linkedin.com/company/rypplzz,rypplzz.com,55
Zoo,Los Angeles,CA,133,54,145.28,00:00.0,0,http://www.linkedin.com/company/zoodotdev,zoo.dev,55
Nuon,Los Angeles,CA,21,16,31.25,00:00.0,16500000,http://www.linkedin.com/company/nuonco,nuon.co,55
Arrows,Los Angeles,CA,19,16,20,00:00.0,2800000,http://www.linkedin.com/company/arrows-to,arrows.to,55
Kindo,Los Angeles,CA,46,24,87.5,00:00.0,27600000,http://www.linkedin.com/company/kindo-ai,kindo.ai,55
Caramel,Los Angeles,CA,119,82,46.25,,40400000,http://www.linkedin.com/company/drivecaramel,drivecaramel.com,
Stan,Los Angeles,CA,134,63,111.29,00:00.0,0,http://www.linkedin.com/company/stanwithme,stan.store,55
Paragon,Los Angeles,CA,115,91,26.97,,22000000,http://www.linkedin.com/company/useparagon,useparagon.com,
Swoogo,Los Angeles,CA,144,120,19.49,00:00.0,23600000,http://www.linkedin.com/company/swoogo,swoogo.events,55
Curri,Los Angeles,CA,168,154,9.27,00:00.0,50800000,http://www.linkedin.com/company/curri,curri.com,55
Yobi,Los Gatos,CA,41,41,0,00:00.0,3970000,http://www.linkedin.com/company/yobiapp,yobi.app,55
iMerit Technology,Los Gatos,CA,6028,5256,14.68,,23500000,http://www.linkedin.com/company/imerit,imerit.net,
Lumana,Los Gatos,CA,47,36,31.43,00:00.0,24000000,http://www.linkedin.com/company/lumana-ai,lumana.ai,55
Highway Benefits,Manhattan Beach,CA,8,5,60,00:00.0,0,http://www.linkedin.com/company/highway-benefits,highwaybenefits.com,55
Astra Finance,Menlo Park,CA,26,23,13.64,00:00.0,15000000,http://www.linkedin.com/company/astrainc,astra.finance,55
React,Menlo Park,CA,181,143,26.43,00:00.0,0,http://www.linkedin.com/company/reactofficial,reactjs.org,55
Guardrails AI,Menlo Park,CA,10,11,-9.09,00:00.0,0,http://www.linkedin.com/company/guardrailsai,guardrailsai.com,55
Onehouse,Menlo Park,CA,85,67,26.56,00:00.0,68000000,http://www.linkedin.com/company/onehousehq,onehouse.ai,55
ViralMoment,Menlo Park,CA,19,21,-9.52,00:00.0,2570000,http://www.linkedin.com/company/viralmoment,viralmoment.com,55
Bito,Menlo Park,Ca,48,33,48.39,00:00.0,4700000,http://www.linkedin.com/company/bitodev,bito.ai,55
WireMock,Menlo Park,CA,18,5,240,,0,http://www.linkedin.com/company/wiremock,wiremock.org,
MedaSystems,Menlo Park,CA,18,15,21.43,00:00.0,7000000,http://www.linkedin.com/company/medasystems,medasystems.com,55
Palona AI,Menlo Park,CA,22,4,450,00:00.0,0,http://www.linkedin.com/company/palona-ai,palona.ai/pizza-expo,55
Bluesky Data,Menlo Park,CA,48,60,-19.3,00:00.0,8800000,http://www.linkedin.com/company/bluesky-data,getbluesky.io,55
Together,Menlo Park,CA,193,76,155.56,,,http://www.linkedin.com/company/togethercomputer,together.xyz,
Nifty League,Mill Valley,CA,8,12,-27.27,00:00.0,0,http://www.linkedin.com/company/niftyleague,niftyleague.com,55
Track3D,Milpitas,CA,82,74,9.59,00:00.0,6380000,http://www.linkedin.com/company/track3dai,track3d.ai,55
LokiBots,Milpitas,CA,26,27,-3.85,00:00.0,0,http://www.linkedin.com/company/lokibots,lokibots.ai,55
VDURA,Milpitas,CA,71,28,159.26,,0,http://www.linkedin.com/company/vdurainc,vdura.com/accelerate-ai-innovation-with-vdura-at-nvidia-gtc-2025,
TASK,Mona Vale,CA,264,223,18.26,00:00.0,0,http://www.linkedin.com/company/task-retail-technology,tasksoftware.com,55
AssurX,Morgan Hill,CA,48,46,4.35,00:00.0,0,http://www.linkedin.com/company/assurx,assurx.com,55
PICO XR,Mountain View,CA,176,141,25.36,00:00.0,0,http://www.linkedin.com/company/picoxr,picoxr.com,55
SapientAI,Mountain View,CA,17,13,33.33,00:00.0,0,http://www.linkedin.com/company/sapient-ai,sapient.ai,55
Samsung Research America (SRA),Mountain View,CA,776,633,22.54,00:00.0,0,http://www.linkedin.com/company/sra-samsungreasearchamerica,sra.samsung.com,55
hireEZ (previously Hiretual),Mountain View,CA,258,329,-21.41,00:00.0,0,http://www.linkedin.com/company/hireez,hireez.com,55
Google Developer Experts,Mountain View,CA,1421,931,52.57,,0,http://www.linkedin.com/company/experts-program,developers.google.com/experts,
Seaplane IO,Mountain View,CA,26,34,-21.88,00:00.0,0,http://www.linkedin.com/company/seaplaneio,seaplane.io,55
ApertureData,Mountain View,CA,12,11,10,00:00.0,0,http://www.linkedin.com/company/aperturedata,aperturedata.io,55
JustPaid.io,Mountain View,CA,19,16,20,00:00.0,4000000,http://www.linkedin.com/company/justpaid,justpaid.io,55
Hemera,Mountain View,CA,16,15,6.67,00:00.0,5280000,http://www.linkedin.com/company/thehemera,thehemera.com,55
Fylamynt,Mountain View,CA,6,20,-68.42,00:00.0,6500000,http://www.linkedin.com/company/fylamynt,fylamynt.com,55
Exafunction,Mountain View,CA,13,5,140,00:00.0,0,http://www.linkedin.com/company/exafunction,exafunction.com,55
Pathr.ai,Mountain View,CA,26,29,-10.71,00:00.0,0,http://www.linkedin.com/company/pathr,pathr.ai,55
Tenyx,Mountain View,CA,22,17,31.25,00:00.0,0,http://www.linkedin.com/company/tenyx,tenyx.com,55
Redis Labs,Mountain View,CA,1625,1094,48.56,00:00.0,356800000,http://www.linkedin.com/company/redis-labs-inc,redislabs.com,55
Enfabrica,Mountain View,CA,155,125,24.35,00:00.0,0,http://www.linkedin.com/company/acebinfra1,enfabrica.net,55
Gan.ai,Mountain View,CA,114,67,70.31,00:00.0,0,http://www.linkedin.com/company/gan-ai,gan.ai,55
Magnifi,Los Angeles,CA,170,130,31.5,00:00.0,0,http://www.linkedin.com/company/magnifiofficial,magnifi.ai,55
Optiwise.ai,Newark,CA,37,42,-12.5,,1300000,http://www.linkedin.com/company/optiwise-ai,optiwise.ai,
Numeric,Newbury,CA,53,21,147.62,,38000000,http://www.linkedin.com/company/numeric-io,numeric.io,
Space and Time,Newport Beach,CA,58,54,7.84,00:00.0,0,http://www.linkedin.com/company/space-and-time-labs,spaceandtime.dev,55
Impervious.ai,Newport Beach,CA,5,12,-54.55,,0,http://www.linkedin.com/company/impervious-ai,impervious.ai,
PropBidder,Newport Beach,CA,2,1,100,00:00.0,0,http://www.linkedin.com/company/propbidder,propbidder.com,55
WethosAI,Newport Beach,CA,22,12,83.33,00:00.0,7500000,http://www.linkedin.com/company/wethos-ai,wethos.ai,55
Candle,Newport Beach,CA,4,3,33.33,00:00.0,0,http://www.linkedin.com/company/projectcandle,projectcandle.ai,55
Erbis,Oakland,CA,73,85,-13.25,00:00.0,0,http://www.linkedin.com/company/erbis-software-development,erbis.com,55
Dynamoid,Oakland,CA,3,3,0,00:00.0,0,http://www.linkedin.com/company/dynamoid,dynamoid.com,55
Primer,Oakland,CA,84,71,17.65,00:00.0,0,http://www.linkedin.com/company/primermicroschools,primer.com,55
Addiction Recovery,Oceanside,CA,53,46,15.56,00:00.0,0,http://www.linkedin.com/company/addiction-recovery,content.addictionrecovery.com,55
Navan,Palo Alto,CA,2555,2323,10.01,00:00.0,0,http://www.linkedin.com/company/navan,navan.com,55
Pangea,Palo Alto,CA,61,56,9.43,00:00.0,51000000,http://www.linkedin.com/company/pangea-cyber,pangea.cloud,55
mymeet.ai,Palo Alto,CA,9,6,50,00:00.0,0,http://www.linkedin.com/company/mymeet-ai,mymeet.ai,55
HP Wolf Security,Palo Alto,CA,93,75,22.97,,0,http://www.linkedin.com/company/hpwolfsecurity,hp.com/wolf,
Notivize,Palo Alto,CA,2,5,-60,00:00.0,0,http://www.linkedin.com/company/notivize,notivize.com,55
CAKE.com,Palo Alto,CA,435,301,44.41,00:00.0,0,http://www.linkedin.com/company/cake-dot-com,cake.com,55
DEUNA,Palo Alto,CA,132,104,27.27,00:00.0,0,http://www.linkedin.com/company/de-una,deuna.com,55
Ganymede,Palo Alto,CA,62,56,11.32,00:00.0,15200000,http://www.linkedin.com/company/ganymede-inc,ganymede.bio,55
Closeloop Technologies,Palo Alto,CA,75,65,15.63,00:00.0,0,http://www.linkedin.com/company/closeloop-inc-,closeloop.com,55
Fiverr Enterprise,Palo Alto,CA,115,84,37.8,00:00.0,0,http://www.linkedin.com/company/fiverrenterprise,enterprise.fiverr.com,55
AKOOL,Palo Alto,CA,74,41,82.5,,0,http://www.linkedin.com/company/akool,akool.com,
Keebo,Palo Alto,CA,43,36,20.59,00:00.0,19000000,http://www.linkedin.com/company/keebo-inc,keebo.ai,55
Vayu Robotics,Palo Alto,CA,22,20,10.53,00:00.0,12700000,http://www.linkedin.com/company/vayu-robotics,vayurobotics.com,55
OpusClip,Palo Alto,CA,75,47,60.87,00:00.0,68000000,http://www.linkedin.com/company/opusclip,opus.pro,55
Chaos Genius,Palo Alto,CA,17,12,45.45,00:00.0,0,http://www.linkedin.com/company/chaosgenius,chaosgenius.io,55
Expo,Palo Alto,CA,101,67,50,00:00.0,0,http://www.linkedin.com/company/expo-dev,expo.dev,55
StepFunction,Palo Alto,CA,12,16,-26.67,00:00.0,0,http://www.linkedin.com/company/stepfunctionai,stepfunction.ai,55
Rivian and Volkswagen Group Technologies,Palo Alto,CA,626,540,3131.58,00:00.0,0,http://www.linkedin.com/company/rivian-and-vw-group-technologies,rivianvw.tech,55
Ario,Palo Alto,CA,34,29,17.86,00:00.0,16000000,http://www.linkedin.com/company/heyario,heyario.com,55
Augment Code,Palo Alto,CA,99,44,125.58,00:00.0,252000000,http://www.linkedin.com/company/augmentinc,augmentcode.com,55
Play Caller Sports,Palo Alto,CA,3,3,0,,0,http://www.linkedin.com/company/playcaller,playcaller.io,
Ninjatech Ai,Palo Alto,CA,23,17,37.5,00:00.0,0,http://www.linkedin.com/company/ninjatech-ai,ninjatech.ai,55
Yellow,Palo Alto,CA,11,11,0,00:00.0,0,http://www.linkedin.com/company/yellow3d,yellow3d.com,55
Clockwork Systems,Palo Alto,CA,27,27,0,00:00.0,0,http://www.linkedin.com/company/clockwork-systems-inc,clockwork.io,55
Pledge Finance,Palo Alto,CA,2,3,-33.33,,0,http://www.linkedin.com/company/pledgerfinance,pledger.finance,
Harmonic,Palo Alto,CA,32,11,181.82,,75000000,http://www.linkedin.com/company/harmonicmath,harmonic.fun,
Nexusflow,Palo Alto,CA,17,14,21.43,,0,http://www.linkedin.com/company/nexusflow-ai,nexusflow.ai,
Namecoach,Palo Alto,CA,38,54,-29.41,00:00.0,0,http://www.linkedin.com/company/namecoach,name-coach.com,55
Holistic AI,Palo Alto,CA,81,78,3.95,00:00.0,0,http://www.linkedin.com/company/holisticai,holisticai.com,55
PALANTIR USG,Palo Alto,CA,1,1,0,00:00.0,0,http://www.linkedin.com/company/palantir-usg-inc.,palantirtech.com,55
Canopy,Palo Alto,CA,30,30,0,00:00.0,0,http://www.linkedin.com/company/canopy-care,canopycare.us,55
Budy,Palo Alto,CA,8,4,100,00:00.0,0,http://www.linkedin.com/company/budy-bot,budybot.ai,55
Trustero,Palo Alto,CA,21,13,66.67,00:00.0,18300000,http://www.linkedin.com/company/trustero,trustero.com,55
Fuzzland,Palo Alto,CA,11,9,22.22,00:00.0,0,http://www.linkedin.com/company/hackthedefi,fuzz.land,55
iQuantum,Palo Alto,CA,42,28,48.15,00:00.0,0,http://www.linkedin.com/company/iquantumai,iquantum.ai,55
Bionic,Palo Alto,CA,162,132,22.22,00:00.0,0,http://www.linkedin.com/company/bionicai,bionic.ai,55
Endor Labs,Palo Alto,CA,149,93,59.55,00:00.0,5000000,http://www.linkedin.com/company/endorlabs,endor.ai,55
Thena,Palo Alto,CA,37,45,-18.6,00:00.0,7160000,http://www.linkedin.com/company/thena-platform,thena.ai,55
Sanas,Palo Alto,CA,282,158,79.05,,116000000,http://www.linkedin.com/company/sanastech,sanas.ai,
Auxia,Palo Alto,CA,47,18,152.94,,29000000,http://www.linkedin.com/company/auxia-io,auxia.io,
Nibiru Chain,Palo Alto,CA,37,30,20.69,00:00.0,20500000,http://www.linkedin.com/company/nibiruchain,nibiru.fi,55
SGNL,Palo Alto,CA,48,43,11.9,00:00.0,42000000,http://www.linkedin.com/company/sgnl-ai,sgnl.ai,55
ORO Labs,Palo Alto,CA,159,112,41.12,00:00.0,82000000,http://www.linkedin.com/company/procurewithoro,orolabs.ai,55
Opus1.io,Palo Alto,CA,28,16,68.75,00:00.0,0,http://www.linkedin.com/company/opus1-io,opus1.io,55
Breezit,Palo Alto,CA,26,17,56.25,00:00.0,2830000,http://www.linkedin.com/company/breezit-platform,breezit.com,55
Modular AI,Palo Alto,CA,275,226,21.86,00:00.0,130000000,http://www.linkedin.com/company/modular-ai,modular.com,55
Kira Learning,Palo Alto,CA,55,38,44.44,,22500000,http://www.linkedin.com/company/kira-learning,kira-learning.com,
Scrut Automation,Palo Alto,CA,207,182,14.04,00:00.0,21000000,http://www.linkedin.com/company/scrut-automation,scrut.io,55
Near,Pasadena,CA,436,381,14.17,00:00.0,0,http://www.linkedin.com/company/-near,near.com,55
IntelligentDX,Pasadena,CA,64,45,43.18,,0,http://www.linkedin.com/company/intelligentdx,intelligentdx.com,
3Laws,Pasadena,CA,8,5,60,00:00.0,0,http://www.linkedin.com/company/3laws,3laws.io,55
WOLFCOM,Pasadena,CA,18,14,21.43,00:00.0,0,http://www.linkedin.com/company/wolfcom%C2%AE,wolfcomusa.com,55
Virtualitics,Pasadena,CA,31,27,15.38,00:00.0,101000000,http://www.linkedin.com/company/virtualitics,virtualitics.com,55
Epik Solutions,Pleasant Hill,CA,165,165,0,00:00.0,0,http://www.linkedin.com/company/epikso,epikso.com,55
Sedai,Pleasanton,CA,63,56,13.21,00:00.0,0,http://www.linkedin.com/company/sedai,sedai.io,55
APIwiz,Pleasanton,CA,28,34,-15.63,00:00.0,0,http://www.linkedin.com/company/apiwizio,apiwiz.io,55
Calfus,Pleasanton,CA,141,117,20,00:00.0,0,http://www.linkedin.com/company/calfusinc,calfus.com,55
Planera,Pleasanton,CA,40,22,80.95,00:00.0,18700000,http://www.linkedin.com/company/planera-inc,planera.io,55
Smile ID,Portola Valley,CA,66,64,3.17,00:00.0,31000000,http://www.linkedin.com/company/usesmileid,usesmileid.com,55
Klarity Health,Redwood City,CA,83,77,8.22,,11000000,http://www.linkedin.com/company/klarity-health,helloklarity.com,
PropelAuth,Redwood City,CA,7,4,75,00:00.0,0,http://www.linkedin.com/company/propelauth,bit.ly/welcomepropelauth,55
Wisq,Redwood City,CA,26,39,-32.43,00:00.0,0,http://www.linkedin.com/company/wisq,wisq.com,55
CoordinateHQ,Redwood City,CA,7,6,16.67,,0,http://www.linkedin.com/company/coordinatehq,coordinatehq.com,
C3 AI,Redwood City,CA,1256,1209,3.88,,0,http://www.linkedin.com/company/c3-ai-enterprise-ai,c3.ai,
Celito Tech,Redwood City,CA,102,79,29.87,00:00.0,0,http://www.linkedin.com/company/celito-tech-inc,celitotech.com,55
Quilt,Redwood City,CA,81,58,40,00:00.0,42000000,http://www.linkedin.com/company/quilthome,quilt.com,55
Airmart,Redwood City,CA,27,29,-7.14,00:00.0,8170000,http://www.linkedin.com/company/goairmart,goairmart.com,55
FarmSense,Riverside,CA,6,6,0,,0,http://www.linkedin.com/company/farmenseinc,farmsense.io,
Airforce Base,Riverside,CA,690,533,29.25,,0,http://www.linkedin.com/company/airforce-base,airforce.com/contact-us/base-locator/external,
Programize,Riverside,CA,63,71,-11.43,00:00.0,0,http://www.linkedin.com/company/programize-llc,programize.com,55
ACMUCR,Riverside,CA,113,55,105.56,,0,http://www.linkedin.com/company/acm-ucr,acm.cs.ucr.edu,
Novity,San Carlos,CA,8,17,-52.94,00:00.0,0,http://www.linkedin.com/company/novity-pdm,novity.us,55
Beacon AI,San Carlos,CA,22,15,46.67,00:00.0,19600000,http://www.linkedin.com/company/beacon-ai,beaconai.co,55
Instock.com,San Carlos,CA,49,44,11.63,,7240000,http://www.linkedin.com/company/instockcom,instock.com,
Check Point Software Technologies,San Carlos,CA,8221,7762,5.92,00:00.0,0,http://www.linkedin.com/company/check-point-software-technologies,protego.io,55
Pitney Bowes,San Diego,CA,,,21.88,,0,http://www.linkedin.com/company/pitney-bowes-service-inc,pitneybowes.com/us,
SuperRare Labs,San Diego,CA,68,84,-18.29,00:00.0,0,http://www.linkedin.com/company/superrarelabs,superrare.com,55
Whova,San Diego,CA,225,166,35.58,,0,http://www.linkedin.com/company/whova,whova.com/jobs,
AGORUS,San Diego,CA,54,45,18.6,00:00.0,0,http://www.linkedin.com/company/agorus,agorus.com,55
CamerEye,San Diego,CA,12,8,37.5,00:00.0,0,http://www.linkedin.com/company/camereye,camereye.ai,55
Project Empower,San Diego,CA,66,44,51.16,00:00.0,0,http://www.linkedin.com/company/project-empower-io,projectempower.io,55
Nyckel,San Diego,CA,4,3,33.33,00:00.0,0,http://www.linkedin.com/company/nyckelai,nyckel.com,55
Simulation Theory,San Diego,CA,6,5,20,00:00.0,0,http://www.linkedin.com/company/simtheory,simtheoryinc.com,55
Learnsoft,San Diego,CA,30,42,-27.5,00:00.0,16700000,http://www.linkedin.com/company/learnsoft-technology-group,learnsoft.com,55
Triton Software Engineering,San Diego,CA,78,71,8.57,00:00.0,0,http://www.linkedin.com/company/tritonsoftwareengineering,tritonse.github.io,55
Cubist,San Diego,CA,12,7,57.14,00:00.0,0,http://www.linkedin.com/company/cubist-inc,cubist.dev,55
Looq AI,San Diego,CA,16,15,6.67,00:00.0,0,http://www.linkedin.com/company/looqai,looq.ai,55
Agile Six,San Diego,CA,97,69,39.71,00:00.0,0,http://www.linkedin.com/company/agilesix,agile6.com,55
LumenVox,San Diego,CA,11,17,-35.29,00:00.0,0,http://www.linkedin.com/company/lumenvox,lumenvox.com,55
Rev,San Diego,CA,87,91,-4.49,00:00.0,0,http://www.linkedin.com/company/getrev,getrev.ai,55
Biosero,San Diego,CA,125,83,51.85,00:00.0,0,http://www.linkedin.com/company/biosero-inc,biosero.com,55
ODK,San Diego,CA,29,14,100,,0,http://www.linkedin.com/company/getodk,getodk.org,
Axiom Health,San Diego,CA,27,18,44.44,00:00.0,0,http://www.linkedin.com/company/axiomhealth,axiomhealth.com,55
Cordial,San Diego,CA,242,208,16.18,00:00.0,0,http://www.linkedin.com/company/becordial,cordial.com,55
Lasso MD,San Diego,CA,38,37,2.86,00:00.0,3000000,http://www.linkedin.com/company/lassomd,lassomd.com,55
Growthsayer,San Diego,CA,2,3,-33.33,00:00.0,0,http://www.linkedin.com/company/growthsayer,growthsayer.com,55
Pitney Bowes,San Diego,CA,,,21.88,,0,http://www.linkedin.com/company/pitney-bowes-service-inc,pitneybowes.com,
Payroll Integrations,San Diego,CA,34,27,26.92,,20400000,http://www.linkedin.com/company/payroll-integrations,payrollintegrations.com,
Diffine,San Diego,CA,37,30,24.14,00:00.0,0,http://www.linkedin.com/company/diffine,diffine.com,55
Coaching.com,San Diego,CA,288,238,21.03,00:00.0,0,http://www.linkedin.com/company/coachingdotcom,wbecs.learnworlds.com/course/breakthrough-coaching,55
Serenity EHS,San Diego,CA,123,110,11.43,00:00.0,0,http://www.linkedin.com/company/serenityehs,serenityehs.com,55
Eva,San Diego,CA,626,519,20.63,00:00.0,0,http://www.linkedin.com/company/eva-commerce-inc,linktr.ee/eva.guru,55
Momos,San Diego,CA,146,93,57.14,00:00.0,16500000,http://www.linkedin.com/company/momos-com,momos.com,55
Hauler Hero,San Diego,CA,27,21,23.81,00:00.0,15100000,http://www.linkedin.com/company/haulerhero,haulerhero.com,55
Gtriip,San Francisco,CA,13,26,-52,00:00.0,0,http://www.linkedin.com/company/gtriip,gtriip.com,55
Arcjet,San Francisco,CA,10,7,42.86,00:00.0,0,http://www.linkedin.com/company/arcjet,arcjet.com,55
Iterative,San Francisco,CA,41,52,-21.57,00:00.0,0,http://www.linkedin.com/company/iterative-ai,iterative.ai,55
Arkestro,San Francisco,CA,104,78,33.78,00:00.0,0,http://www.linkedin.com/company/get-arkestro,arkestro.com,55
Revyl (YC F24),San Francisco,CA,6,,21.88,00:00.0,0,http://www.linkedin.com/company/revylai,revyl.ai,55
Uniform,San Francisco,CA,131,126,3.23,00:00.0,0,http://www.linkedin.com/company/uniformdev,uniform.dev,55
Parangat Technologies,San Francisco,CA,95,112,-15.18,00:00.0,0,http://www.linkedin.com/company/parangat-technologies,parangat.com,55
Inscope,San Francisco,CA,11,7,57.14,00:00.0,0,http://www.linkedin.com/company/inscopehq,inscopehq.com,55
Everlance,San Francisco,CA,61,62,-1.64,00:00.0,0,http://www.linkedin.com/company/everlance,everlance.com,55
Salsa,San Francisco,CA,64,38,69.44,00:00.0,30000000,http://www.linkedin.com/company/salsa-dev,salsa.dev,55
Seel,San Francisco,CA,95,77,24,00:00.0,0,http://www.linkedin.com/company/addseel,seel.com,55
Sprinto,San Francisco,CA,376,260,44.71,00:00.0,0,http://www.linkedin.com/company/sprinto-com,sprinto.com,55
SecurityPal,San Francisco,CA,219,146,50.36,00:00.0,0,http://www.linkedin.com/company/securitypalhq,securitypalhq.com,55
Adastec Corp.,San Francisco,CA,84,74,12.33,00:00.0,0,http://www.linkedin.com/company/adastec,adastec.com,55
Cargo (YC S23),San Francisco,CA,59,42,41.46,,0,http://www.linkedin.com/company/cargo-hq,getcargo.io,
Summit Wealth Systems,San Francisco,CA,30,22,38.1,00:00.0,0,http://www.linkedin.com/company/summit-wealth-systems,summitwealth.io,55
Brightback,San Francisco,CA,6,6,0,00:00.0,0,http://www.linkedin.com/company/brightback,brightback.com,55
UpUdate,San Francisco,CA,2,2,0,00:00.0,700000,http://www.linkedin.com/company/upudate-inc,upudate.com,55
Ensemble AI,San Francisco,CA,10,6,66.67,00:00.0,0,http://www.linkedin.com/company/ensembleai,ensemblecore.ai,55
GLASS,San Francisco,CA,64,18,250,00:00.0,0,http://www.linkedin.com/company/glass-ecosystems,commerce.glass,55
Sparrow,San Francisco,CA,192,119,60.68,00:00.0,0,http://www.linkedin.com/company/trysparrowhq,trysparrow.com,55
Safary,San Francisco,CA,44,43,2.38,00:00.0,2400000,http://www.linkedin.com/company/safaryclub,safary.club,55
Heliux,San Francisco,CA,8,6,33.33,00:00.0,0,http://www.linkedin.com/company/heliux,heliux.com,55
TrueFoundry,San Francisco,CA,69,42,65,00:00.0,19000000,http://www.linkedin.com/company/truefoundry,truefoundry.com,55
acquire.com,San Francisco,CA,59,41,45,,0,http://www.linkedin.com/company/acquiredotcom,acquire.com,
Compiify,San Francisco,CA,18,4,325,00:00.0,0,http://www.linkedin.com/company/compiify,compiify.com,55
Session AI,San Francisco,CA,149,125,18.7,00:00.0,0,http://www.linkedin.com/company/session-ai,sessionai.com,55
Loop Crypto,San Francisco,CA,7,3,133.33,,0,http://www.linkedin.com/company/loop-crypto,loopcrypto.xyz,
ReadMe,San Francisco,CA,72,67,7.58,,0,http://www.linkedin.com/company/readme,readme.com,
Alix,San Francisco,CA,28,28,0,00:00.0,5500000,http://www.linkedin.com/company/meetalix,meetalix.com,55
Contra,San Francisco,CA,481,333,44.79,00:00.0,0,http://www.linkedin.com/company/contrahq,c87.to/3svtwmt,55
BioticsAI,San Francisco,CA,8,5,60,,0,http://www.linkedin.com/company/bioticsai,biotics.ai,
Resulticks,San Francisco,CA,361,296,21.95,00:00.0,0,http://www.linkedin.com/company/resulticks,resulticks.com,55
Alchemy Cloud,San Francisco,CA,67,70,-4.35,00:00.0,0,http://www.linkedin.com/company/alchemycloud,alchemy.cloud,55
Kojo (formerly Agora),San Francisco,CA,141,123,14.05,00:00.0,0,http://www.linkedin.com/company/kojotechnologies,helloagora.com,55
Werk,San Francisco,CA,128,94,35.87,,0,http://www.linkedin.com/company/usewerk,usewerk.com,
Queenly,San Francisco,CA,20,27,-26.92,00:00.0,9400000,http://www.linkedin.com/company/queenly,queenly.com,55
Trunk,San Francisco,CA,75,61,22.41,00:00.0,28500000,http://www.linkedin.com/company/trunkio,trunk.io,55
Afresh,San Francisco,CA,196,206,-4.95,00:00.0,0,http://www.linkedin.com/company/afreshtechnologies,afresh.com,55
Mindy,San Francisco,CA,15,18,-16.67,00:00.0,6000000,http://www.linkedin.com/company/mindy-ai,mindy.com,55
ON,San Francisco,CA,,,21.88,00:00.0,0,http://www.linkedin.com/company/on-platform,onplatform.com,55
Overclock Labs creators of Akash Network,San Francisco,CA,110,101,9.09,00:00.0,0,http://www.linkedin.com/company/akash-network,akash.network,55
Continu,San Francisco,CA,45,56,-18.87,00:00.0,0,http://www.linkedin.com/company/continu-inc,continu.com,55
Sommelier Finance,San Francisco,CA,21,28,-25.93,00:00.0,0,http://www.linkedin.com/company/sommelier-finance,sommelier.finance,55
Crstl,San Francisco,CA,14,13,8.33,00:00.0,0,http://www.linkedin.com/company/crstl,crstl.so,55
Azilen Technologies,San Francisco,CA,392,350,12,00:00.0,0,http://www.linkedin.com/company/azilen-technologies-pvt-ltd,azilen.com,55
VRChat,San Francisco,CA,165,117,40.87,00:00.0,0,http://www.linkedin.com/company/vrchat,vrchat.com,55
Dayslice,San Francisco,CA,6,12,-45.45,00:00.0,0,http://www.linkedin.com/company/dayslice,dayslice.com,55
Pine Street Labs,San Francisco,CA,8,8,0,,0,http://www.linkedin.com/company/pine-street-labs,pinestreetlabs.com,
Resend,San Francisco,CA,37,15,150,00:00.0,21500000,http://www.linkedin.com/company/resend,resend.com,55
Markovate,San Francisco,CA,53,37,44.44,00:00.0,0,http://www.linkedin.com/company/markovate,markovate.com,55
Insightful,San Francisco,CA,92,77,20,00:00.0,0,http://www.linkedin.com/company/insightfulio,insightful.io,55
Amaze,San Francisco,CA,101,84,20.73,00:00.0,0,http://www.linkedin.com/company/amazeanywhere,amaze.co,55
Turn/River Capital,San Francisco,CA,74,47,56.52,,0,http://www.linkedin.com/company/turn-river-capital,turnriver.com,
MagicBell,San Francisco,CA,5,6,-16.67,00:00.0,0,http://www.linkedin.com/company/magicbell,magicbell.com,55
SINAI Technologies,San Francisco,CA,52,69,-25.37,00:00.0,0,http://www.linkedin.com/company/sinai-technologies-inc,sinaitechnologies.com,55
Infinity AI,San Francisco,CA,3,6,-50,,0,http://www.linkedin.com/company/infinityai,infinity.ai,
AiFlow (YC W23),San Francisco,CA,3,3,0,00:00.0,0,http://www.linkedin.com/company/aiflow-inc,aiflow.solutions,55
Parcha,San Francisco,CA,15,14,7.14,,6750000,http://www.linkedin.com/company/parcha-ai,parcha.com,
Devtech,San Francisco,CA,289,292,-1.05,00:00.0,0,http://www.linkedin.com/company/devtech,devtechgroup.com,55
Frontier,San Francisco,CA,106,102,4,00:00.0,0,http://www.linkedin.com/company/befrontier,befrontier.com,55
Telmai,San Francisco,CA,14,14,0,00:00.0,8590000,http://www.linkedin.com/company/telmai,telm.ai,55
Umami,San Francisco,CA,13,12,9.09,00:00.0,0,http://www.linkedin.com/company/umami-software,umami.is,55
Storylane,San Francisco,CA,49,40,23.08,00:00.0,0,http://www.linkedin.com/company/storylane-io,storylane.io,55
Clazar,San Francisco,CA,79,41,92.5,00:00.0,14000000,http://www.linkedin.com/company/clazar,clazar.io,55
BRM,San Francisco,CA,43,32,35.48,00:00.0,21600000,http://www.linkedin.com/company/brm-labs,brmlabs.com,55
Reworkd AI,San Francisco,CA,16,8,87.5,,4500000,http://www.linkedin.com/company/reworkd,reworkd.ai,
Predibase,San Francisco,CA,35,33,6.45,,28400000,http://www.linkedin.com/company/predibase,predibase.com,
Portal Labs,San Francisco,CA,18,5,240,00:00.0,0,http://www.linkedin.com/company/portal-labs-inc,portalhq.io,55
Zitara Technologies,San Francisco,CA,40,49,-19.15,,0,http://www.linkedin.com/company/zitara-technologies,zitara.io,
CelerData,San Francisco,CA,75,74,1.37,00:00.0,0,http://www.linkedin.com/company/celerdata,celerdata.com,55
DataGPT,San Francisco,CA,15,22,-31.82,00:00.0,11900000,http://www.linkedin.com/company/datagpt-analytics,datagpt.com,55
Invector,San Francisco,CA,12,12,0,,0,http://www.linkedin.com/company/getinvector,invector.co,
MeetRecord,San Francisco,CA,26,6,316.67,00:00.0,3100000,http://www.linkedin.com/company/meetrecord,meetrecord.com,55
OneSchema,San Francisco,CA,17,14,23.08,00:00.0,0,http://www.linkedin.com/company/oneschema,oneschema.co,55
Seam AI,San Francisco,CA,19,17,11.76,,0,http://www.linkedin.com/company/seamai,getseam.ai,
Kommo,San Francisco,CA,335,281,19.27,00:00.0,0,http://www.linkedin.com/company/kommo,kommo.com,55
MarkovML,San Francisco,CA,37,24,50,00:00.0,0,http://www.linkedin.com/company/markov-ml,app.markovml.com/signup,55
Fluxon,San Francisco,CA,150,101,48.48,,0,http://www.linkedin.com/company/fluxon,fluxon.com,
Podqi,San Francisco,CA,5,3,66.67,,0,http://www.linkedin.com/company/podqi,podqi.com,
Coda,San Francisco,CA,294,312,-5.88,00:00.0,0,http://www.linkedin.com/company/codainc,coda.io/evolution,55
Samasource,San Francisco,CA,3873,3564,8.69,00:00.0,84800000,http://www.linkedin.com/company/samasource,samasource.com,55
Nash,San Francisco,CA,82,67,21.88,,0,http://www.linkedin.com/company/usenash,usenash.com,
OneCrew,San Francisco,CA,14,11,27.27,,5500000,http://www.linkedin.com/company/getonecrew,getonecrew.com,
Chameleon,San Francisco,CA,83,83,0,00:00.0,0,http://www.linkedin.com/company/chameleon-io,chameleon.io,55
Stackwatch creators of Kubecost,San Francisco,CA,82,66,23.81,00:00.0,0,http://www.linkedin.com/company/stackwatch,kubecost.com,55
ILUMA,San Francisco,CA,6,12,-45.45,,0,http://www.linkedin.com/company/ilumaxyz,iluma.xyz,
Inclined,San Francisco,CA,28,25,12.5,00:00.0,23400000,http://www.linkedin.com/company/inclined-tech,inclined.com,55
Circle Security,San Francisco,CA,19,16,20,00:00.0,0,http://www.linkedin.com/company/circlesecurity,circlesecurity.ai,55
Cyclotron,San Francisco,CA,211,171,23.21,00:00.0,0,http://www.linkedin.com/company/cyclotron-inc-,cyclotron.com,55
Caldera,San Francisco,CA,28,10,170,00:00.0,24000000,http://www.linkedin.com/company/calderaxyz,caldera.xyz,55
Vesta,San Francisco,CA,78,61,27.59,00:00.0,0,http://www.linkedin.com/company/usevesta,usevesta.com,55
Rev.com,San Francisco,CA,4313,4360,-1.06,00:00.0,30500000,http://www.linkedin.com/company/rev-com,rev.com,55
Pando,San Francisco,CA,19,27,-30.77,00:00.0,0,http://www.linkedin.com/company/pando-hq,pando.com,55
Surge AI,San Francisco,CA,116,82,42.5,00:00.0,0,http://www.linkedin.com/company/surge-ai,surgehq.ai,55
Anrok,San Francisco,CA,90,54,68.63,,51900000,http://www.linkedin.com/company/anrok,anrok.com,
Aesthetic,San Francisco,CA,13,18,-23.53,00:00.0,0,http://www.linkedin.com/company/useaesthetic,aesthetic.com,55
Typesafe (now Lightbend),San Francisco,CA,21,22,-4.76,00:00.0,0,http://www.linkedin.com/company/typesafe,lightbend.com,55
Calyptia,San Francisco,CA,25,22,14.29,00:00.0,0,http://www.linkedin.com/company/calyptia,calyptia.com,55
DroneDeploy,San Francisco,CA,296,228,29.46,,0,http://www.linkedin.com/company/dronedeploy,bit.ly/3wg4dhe,
Insightly Analytics,San Francisco,CA,23,14,69.23,00:00.0,0,http://www.linkedin.com/company/insightly-analytics,insightly.ai,55
QLU.ai,San Francisco,CA,90,42,114.29,00:00.0,0,http://www.linkedin.com/company/qlu-ai,qlu.ai,55
Edge and Node,San Francisco,CA,63,60,5.08,00:00.0,0,http://www.linkedin.com/company/edgeandnode,edgeandnode.com,55
Kaedim,San Francisco,CA,66,40,66.67,00:00.0,15200000,http://www.linkedin.com/company/kaedim,kaedim3d.com,55
Paravision,San Francisco,CA,54,55,-1.85,00:00.0,0,http://www.linkedin.com/company/paravision-ai,paravision.ai,55
Moonhub,San Francisco,CA,29,19,47.37,00:00.0,0,http://www.linkedin.com/company/moon-hub,moonhub.ai,55
Moonsense,San Francisco,CA,2,12,-81.82,00:00.0,0,http://www.linkedin.com/company/moonsense,moonsense.io,55
Nostra,San Francisco,CA,48,49,-2.08,00:00.0,19700000,http://www.linkedin.com/company/nostraai,nostra.ai,55
EvaBot,San Francisco,CA,44,53,-17.31,00:00.0,0,http://www.linkedin.com/company/evabot,evabot.com,55
BoomPop,San Francisco,CA,111,66,68.25,,0,http://www.linkedin.com/company/boompop,boompop.com,
Faros AI,San Francisco,CA,43,39,10.81,00:00.0,39800000,http://www.linkedin.com/company/faros-ai,faros.ai,55
Resume,San Francisco,CA,99,70,40.58,00:00.0,0,http://www.linkedin.com/company/resume-inc,resumeinc.com,55
Flywheel Software,San Francisco,CA,79,67,16.67,,0,http://www.linkedin.com/company/flywheelsoftware,flywheelsoftware.com,
Scale3,San Francisco,CA,16,13,25,00:00.0,0,http://www.linkedin.com/company/scale3labs,scale3labs.com,55
Checkmate,San Francisco,CA,81,45,79.07,00:00.0,0,http://www.linkedin.com/company/checkmate-savings,joincheckmate.com,55
iCloud-Ready,San Francisco,CA,31,8,275,00:00.0,0,http://www.linkedin.com/company/icloud-ready,icloud-ready.com,55
Valid,San Francisco,CA,13,9,44.44,,6860000,http://www.linkedin.com/company/validco,valid.co,
GrowthLoop (Flywheel),San Francisco,CA,84,61,36.67,,0,http://www.linkedin.com/company/growthloop-co,growthloop.com,
Algolia,San Francisco,CA,839,843,-0.5,00:00.0,334200000,http://www.linkedin.com/company/algolia,algolia.com,55
RisingWave Labs,San Francisco,CA,50,44,14.29,00:00.0,0,http://www.linkedin.com/company/risingwave-labs,risingwave.com,55
BoostDraft,San Francisco,CA,32,14,121.43,00:00.0,0,http://www.linkedin.com/company/boostdraft,boostdraft.com,55
Chisel,San Francisco,CA,35,24,41.67,00:00.0,0,http://www.linkedin.com/company/chisellabs,chisellabs.com,55
Facet,San Francisco,CA,26,17,56.25,,,http://www.linkedin.com/company/facetai,facet.ai,
Pequity,San Francisco,CA,40,45,-11.36,00:00.0,0,http://www.linkedin.com/company/getpequity,pequity.com,55
Voxela,San Francisco,CA,9,11,-10,00:00.0,0,http://www.linkedin.com/company/voxela-inc,voxela.ai,55
Ottr Finance,San Francisco,CA,5,7,-28.57,00:00.0,0,http://www.linkedin.com/company/ottrfinance,ottr.finance,55
Phyllo,San Francisco,CA,85,87,-2.35,00:00.0,0,http://www.linkedin.com/company/getphyllo,getphyllo.com,55
Swit,San Francisco,CA,171,175,-2.33,00:00.0,0,http://www.linkedin.com/company/getswit,swit.io,55
Mat3ra.com,San Francisco,CA,7,6,16.67,00:00.0,0,http://www.linkedin.com/company/mat3ra,mat3ra.com,55
yurts ai,San Francisco,CA,65,36,82.35,00:00.0,0,http://www.linkedin.com/company/yurtsai,yurts.ai/external,55
Lindy,San Francisco,CA,41,32,29.03,00:00.0,0,http://www.linkedin.com/company/lindyai,lindy.ai,55
RudderStack,San Francisco,CA,153,204,-25,00:00.0,0,http://www.linkedin.com/company/rudderstack,rudderstack.com,55
Just Words,San Francisco,CA,10,7,42.86,00:00.0,0,http://www.linkedin.com/company/justwordsai,justwords.ai,55
e6data,San Francisco,CA,87,53,63.46,00:00.0,13600000,http://www.linkedin.com/company/e6data,e6data.com,55
Promoted.ai,San Francisco,CA,13,12,9.09,00:00.0,0,http://www.linkedin.com/company/promoted-ai,promoted.ai,55
Gradual,San Francisco,CA,30,21,38.1,00:00.0,0,http://www.linkedin.com/company/gradual-inc,gradual.com,55
grofleX,San Francisco,CA,29,12,133.33,00:00.0,0,http://www.linkedin.com/company/groflex1,groflex.io,55
HackerEarth,San Francisco,CA,526,564,-6.69,00:00.0,0,http://www.linkedin.com/company/hackerearth,hackerearth.com/recruit/resources/insights/drs2021,55
Highnote,San Francisco,CA,131,104,25.49,00:00.0,0,http://www.linkedin.com/company/highnoteplatform,highnote.com,55
Zipy,San Francisco,CA,25,24,4.35,00:00.0,2800000,http://www.linkedin.com/company/zipyai,zipy.ai,55
Hirect App,San Francisco,CA,40,56,-29.09,,0,http://www.linkedin.com/company/hirect-us,hirectapp.com,
Ciro,San Francisco,CA,25,9,166.67,00:00.0,0,http://www.linkedin.com/company/ciro-io,ciro.io,55
HireQuotient,San Francisco,CA,82,51,60,00:00.0,0,http://www.linkedin.com/company/hirequotient,hirequotient.com,55
Minoa,San Francisco,CA,18,4,325,00:00.0,0,http://www.linkedin.com/company/getminoa,minoa.io,55
Flip AI,San Francisco,CA,29,26,12,00:00.0,6500000,http://www.linkedin.com/company/flipai,flip.ai,55
Sunday Labs,San Francisco,CA,54,39,39.47,00:00.0,0,http://www.linkedin.com/company/sundaylabs,sundaylabs.io,55
Loop,San Francisco,CA,92,79,17.33,,6800000,http://www.linkedin.com/company/loop-payments,loop.com,
HockeyStack,San Francisco,CA,65,23,178.26,00:00.0,22700000,http://www.linkedin.com/company/hockeystack,hockeystack.com,55
Informed.IQ,San Francisco,CA,54,66,-18.46,,0,http://www.linkedin.com/company/informediq,informediq.com,
Superframe,San Francisco,CA,8,7,14.29,00:00.0,0,http://www.linkedin.com/company/superframeai,superframe.com,55
REMIO,San Francisco,CA,19,19,0,00:00.0,0,http://www.linkedin.com/company/remiovr,remiovr.com,55
Loka,San Francisco,CA,369,281,31.64,,0,http://www.linkedin.com/company/loka,loka.com,
Sapien AI,San Francisco,CA,3,2,50,00:00.0,0,http://www.linkedin.com/company/sapien-ai-inc.,sapien.ai,55
Inventive,San Francisco,CA,17,15,13.33,00:00.0,6500000,http://www.linkedin.com/company/madeinventive,madeinventive.com,55
Revolear,San Francisco,CA,11,12,-9.09,00:00.0,0,http://www.linkedin.com/company/revolear,revolear.com,55
Foody,San Francisco,CA,6,12,-45.45,00:00.0,0,http://www.linkedin.com/company/joinfoody,joinfoody.com,55
Revlitix,San Francisco,CA,29,18,55.56,00:00.0,0,http://www.linkedin.com/company/revlitix,revlitix.com,55
ResiQuant,San Francisco,CA,9,,21.88,00:00.0,0,http://www.linkedin.com/company/resiquant,resiquant.ai,55
JUICER,San Francisco,CA,38,38,0,00:00.0,5300000,http://www.linkedin.com/company/juicerpricing,juicerpricing.com,55
Binary XZ,San Francisco,CA,28,26,8,00:00.0,0,http://www.linkedin.com/company/binary-xz,binaryxz.com,55
Unify,San Francisco,CA,56,13,323.08,00:00.0,0,http://www.linkedin.com/company/unifygtm,unifygtm.com,55
Kojo,San Francisco,CA,141,123,14.05,00:00.0,0,http://www.linkedin.com/company/kojotechnologies,usekojo.com,55
Rutter,San Francisco,CA,26,56,-52.83,00:00.0,0,http://www.linkedin.com/company/rutter,rutterapi.com,55
Kubecost,San Francisco,CA,77,52,47.06,00:00.0,0,http://www.linkedin.com/company/kubecost,kubecost.com/install.html,55
New Lantern,San Francisco,CA,11,7,57.14,,0,http://www.linkedin.com/company/newlantern,newlantern.ai,
Sematic (YC S22),San Francisco,CA,13,13,0,,0,http://www.linkedin.com/company/sematic-ai,sematic.dev,
MAP,San Francisco,CA,7,7,0,00:00.0,0,http://www.linkedin.com/company/mapplatform,mapplatform.com,55
COR,San Francisco,CA,215,176,21.97,00:00.0,0,http://www.linkedin.com/company/join-cor,projectcor.com,55
Vapi,San Francisco,CA,65,15,326.67,00:00.0,0,http://www.linkedin.com/company/vapi-ai,vapi.ai,55
MosaicML,San Francisco,CA,100,94,6.52,,0,http://www.linkedin.com/company/mosaicml,mosaicml.com,
Shinami,San Francisco,CA,9,9,0,,0,http://www.linkedin.com/company/shinami,shinami.com,
Barti,San Francisco,CA,38,32,19.35,,0,http://www.linkedin.com/company/barti,barti.com,
Leadspace,San Francisco,CA,92,107,-14.29,00:00.0,0,http://www.linkedin.com/company/leadspacecdp,leadspace.com,55
Node.js,San Francisco,CA,511,401,27.48,00:00.0,0,http://www.linkedin.com/company/node-js,nodejs.org/en,55
IDPartner Systems,San Francisco,CA,12,8,37.5,00:00.0,0,http://www.linkedin.com/company/idpartner-systems,idpartner.com,55
Observant,San Francisco,CA,92,71,28.57,00:00.0,0,http://www.linkedin.com/company/observantai,observantai.com,55
OpenPhone,San Francisco,CA,132,103,27.72,00:00.0,0,http://www.linkedin.com/company/openphone,openphone.com,55
ZITADEL,San Francisco,CA,20,14,42.86,00:00.0,15500000,http://www.linkedin.com/company/zitadel,zitadel.com,55
Monster API,San Francisco,CA,9,11,-10,,0,http://www.linkedin.com/company/monster-api,gomonster.ai,
Oliv - Your AI Assistant for Sales,San Francisco,CA,32,8,287.5,00:00.0,0,http://www.linkedin.com/company/oliv-ai,oliv.ai,55
Zocket,San Francisco,CA,131,81,62.03,00:00.0,0,http://www.linkedin.com/company/zocketdigital,zocket.ai,55
Excarta,San Francisco,CA,6,6,0,00:00.0,0,http://www.linkedin.com/company/excarta,excarta.io,55
Aerotime,San Francisco,CA,5,5,0,00:00.0,0,http://www.linkedin.com/company/aerotime,aerotime.com,55
Paraform,San Francisco,CA,113,87,30.59,00:00.0,25600000,http://www.linkedin.com/company/paraformxyz,paraform.xyz,55
Thatch,San Francisco,CA,90,37,144.44,00:00.0,84000000,http://www.linkedin.com/company/thatch-ai,thatch.ai,55
MetaMap,San Francisco,CA,366,489,-25.05,00:00.0,0,http://www.linkedin.com/company/metmap,metamap.com,55
Picsart Armenia,San Francisco,CA,213,210,1.46,00:00.0,0,http://www.linkedin.com/company/picsart-armenia,picsart.com,55
Matchday,San Francisco,CA,51,48,6.52,00:00.0,21000000,http://www.linkedin.com/company/matchday,matchday.com,55
Alcion,San Francisco,CA,11,26,-60,,29000000,http://www.linkedin.com/company/alcioninc,alcion.ai,
Deccan AI,San Francisco,CA,112,12,816.67,,0,http://www.linkedin.com/company/ai-deccan,deccan.ai,
Pliable,San Francisco,CA,13,11,20,00:00.0,0,http://www.linkedin.com/company/getpliable,pliable.co,55
Redpanda Data,San Francisco,CA,179,193,-7.61,00:00.0,266000000,http://www.linkedin.com/company/redpanda-data,redpanda.com,55
Vetted,San Francisco,CA,54,56,-3.77,00:00.0,0,http://www.linkedin.com/company/vetted-ai,vetted.ai,55
Arcade,San Francisco,CA,64,41,56.41,00:00.0,21700000,http://www.linkedin.com/company/arcadehq,arcade.software,55
regie.ai,San Francisco,CA,97,62,55.74,00:00.0,50800000,http://www.linkedin.com/company/regie-ai,regie.ai,55
Tonic.xyz | Tonic Labs,San Francisco,CA,9,6,50,00:00.0,0,http://www.linkedin.com/company/tonicxyz,tonic.xyz,55
Chroma,San Francisco,CA,72,38,91.67,,0,http://www.linkedin.com/company/trychroma,trychroma.com,
Extend,San Francisco,CA,300,398,-24.62,00:00.0,0,http://www.linkedin.com/company/helloextend,extend.com,55
Replicant,San Francisco,CA,177,171,3.57,00:00.0,0,http://www.linkedin.com/company/replicant,replicant.com,55
CFEX,San Francisco,CA,18,16,13.33,,0,http://www.linkedin.com/company/cfexcloud,cfex.cloud,
Internet Soft,San Francisco,CA,51,32,61.29,00:00.0,0,http://www.linkedin.com/company/internetsoft,internetsoft.com/contact-us,55
OSlash,San Francisco,CA,34,40,-15.79,00:00.0,0,http://www.linkedin.com/company/oslash,oslash.com,55
Mnemonic,San Francisco,CA,9,14,-30.77,00:00.0,0,http://www.linkedin.com/company/mnemonichq,mnemonichq.com,55
Replika,San Francisco,CA,108,96,12.77,00:00.0,0,http://www.linkedin.com/company/replikaai,replika.com,55
RIIICO,San Francisco,CA,33,20,60,00:00.0,0,http://www.linkedin.com/company/riiico,riiico.com,55
UXCam,San Francisco,CA,102,110,-7.62,00:00.0,0,http://www.linkedin.com/company/ux-cam,bit.ly/3vjfpeb,55
Frigade (YC W23),San Francisco,CA,4,4,0,,0,http://www.linkedin.com/company/frigade,frigade.com,
Outbuild,San Francisco,CA,65,40,64.1,00:00.0,11800000,http://www.linkedin.com/company/outbuildconstruction,outbuild.com,55
RisingWave Labs,San Francisco,CA,48,42,14.63,00:00.0,0,http://www.linkedin.com/company/risingwave-labs,risingwave.com,55
Homebase,San Francisco,CA,1573,1025,53.43,00:00.0,170000000,http://www.linkedin.com/company/homebase-app,joinhomebase.com,55
Simplify,San Francisco,CA,92,49,87.23,,4330000,http://www.linkedin.com/company/simplifyjobs,simplify.jobs,
Monnai,San Francisco,CA,53,44,19.05,00:00.0,10100000,http://www.linkedin.com/company/monnai,monnai.com,55
HypeLab,San Francisco,CA,8,8,0,,0,http://www.linkedin.com/company/gohypelab,hypelab.com,
Coda,San Francisco,CA,311,331,-6.03,00:00.0,240000000,http://www.linkedin.com/company/codainc,coda.io,55
Clerk.com,San Francisco,CA,168,121,39.13,00:00.0,54400000,http://www.linkedin.com/company/clerkinc,clerk.dev,55
bit.io,San Francisco,CA,3,13,-75,,0,http://www.linkedin.com/company/bitdotioinc,bit.io,
Aviator,San Francisco,CA,27,14,85.71,00:00.0,0,http://www.linkedin.com/company/aviator-co,aviator.co,55
HackerEarth,San Francisco,CA,526,564,-6.69,00:00.0,0,http://www.linkedin.com/company/hackerearth,hackerearth.com,55
Replo (YC S21),San Francisco,CA,71,63,13.33,00:00.0,4330000,http://www.linkedin.com/company/replohq,replo.app,55
SigFig,San Francisco,CA,146,180,-18.75,00:00.0,0,http://www.linkedin.com/company/sigfig,sigfig.com/home,55
Camber,San Francisco,CA,5,,21.88,00:00.0,0,http://www.linkedin.com/company/cambercloud,cambercloud.com,55
The Easy Company,San Francisco,CA,19,22,-14.29,,0,http://www.linkedin.com/company/theeasyco,easy.me,
Auditmate,San Francisco,CA,21,20,5.26,00:00.0,0,http://www.linkedin.com/company/auditmate,auditmate.com,55
Houseware,San Francisco,CA,24,29,-17.86,00:00.0,2100000,http://www.linkedin.com/company/gethouseware,houseware.io,55
Boost,San Francisco,CA,29,19,47.37,,0,http://www.linkedin.com/company/boostresults,boostresults.com,
Lume (YC W23),San Francisco,CA,7,4,75,00:00.0,0,http://www.linkedin.com/company/lume-ai,lume.ai,55
ProPlanner - Construction Scheduling and Planning,San Francisco,CA,37,30,20.69,00:00.0,0,http://www.linkedin.com/company/proplannerconstruction,proplanner.build,55
Traceable AI,San Francisco,CA,150,205,-26.67,00:00.0,80200000,http://www.linkedin.com/company/traceable-ai,traceable.ai,55
Swantide,San Francisco,CA,14,20,-31.58,00:00.0,0,http://www.linkedin.com/company/swantide,swantide.com,55
Clearstory,San Francisco,CA,69,55,25.93,00:00.0,30300000,http://www.linkedin.com/company/clearstory-build,clearstory.build,55
Supermove,San Francisco,CA,52,38,37.84,,0,http://www.linkedin.com/company/supermoveco,supermove.com,
Distyl AI,San Francisco,CA,63,23,172.73,,27000000,http://www.linkedin.com/company/distylai,distyl.ai,
Triumph Labs,San Francisco,CA,16,16,0,,0,http://www.linkedin.com/company/triumphlabs,triumpharcade.com,
Magical,San Francisco,CA,81,67,20.31,00:00.0,0,http://www.linkedin.com/company/getmagical,getmagical.com,55
Rill Data,San Francisco,CA,39,34,15.63,00:00.0,16600000,http://www.linkedin.com/company/rilldata,rilldata.com,55
Aeqium,San Francisco,CA,16,14,15.38,00:00.0,0,http://www.linkedin.com/company/aeqium,aeqium.com,55
Courie,San Francisco,CA,17,11,54.55,00:00.0,4830000,http://www.linkedin.com/company/courie,courie.ai,55
Backbone,San Francisco,CA,21,27,-23.08,00:00.0,0,http://www.linkedin.com/company/backboneiq,backboneiq.com,55
Analog,San Francisco,CA,60,50,20.41,00:00.0,36000000,http://www.linkedin.com/company/analogone,analog.one,55
Toplyne.io,San Francisco,CA,65,95,-31.18,,0,http://www.linkedin.com/company/toplynehq,toplyne.io,
Galileo,San Francisco,CA,117,80,47.44,,68000000,http://www.linkedin.com/company/galileo-ai,rungalileo.io,
topmate.io,San Francisco,CA,1503,858,75.27,00:00.0,0,http://www.linkedin.com/company/topmate-io,topmate.io,55
MyShell.ai,San Francisco,CA,14,16,-12.5,00:00.0,16800000,http://www.linkedin.com/company/ai-myshell,myshell.ai,55
Prive,San Francisco,CA,742,515,43.96,00:00.0,0,http://www.linkedin.com/company/tryprive,tryprive.com,55
Zing Data,San Francisco,CA,4,6,-33.33,00:00.0,0,http://www.linkedin.com/company/zingdata,getzingdata.com,55
SaaSGrid,San Francisco,CA,13,6,100,00:00.0,0,http://www.linkedin.com/company/saasgrid,saasgrid.com,55
Handle.com,San Francisco,CA,75,53,42.31,,19600000,http://www.linkedin.com/company/handleinc,handle.com,
Postman,San Francisco,CA,2212,2195,0.81,00:00.0,433000000,http://www.linkedin.com/company/postman-api-tools,getpostman.com,55
Uber for Business,San Francisco,CA,975,705,38.35,00:00.0,0,http://www.linkedin.com/company/uber-for-business,uber.com/business,55
Klu.ai,San Francisco,CA,3,6,-50,00:00.0,0,http://www.linkedin.com/company/klu-ai,klu.ai,55
Tarsal,San Francisco,CA,15,17,-11.76,,6000000,http://www.linkedin.com/company/tarsal,tarsal.co,
Nuvo,San Francisco,CA,55,41,35,,0,http://www.linkedin.com/company/nuvocredit,nuvo.credit,
Kurrent (formerly Event Store),San Francisco,CA,73,82,-10,00:00.0,27600000,http://www.linkedin.com/company/kurrent-io,kurrent.io,55
Cleric,San Francisco,CA,17,9,88.89,00:00.0,4300000,http://www.linkedin.com/company/cleric-io,cleric.io,55
Adept AI Labs,San Francisco,CA,100,45,120.93,,0,http://www.linkedin.com/company/adeptailabs,adeptailabs.com,
Swiftly,San Francisco,CA,115,95,21.51,00:00.0,0,http://www.linkedin.com/company/swiftlyinc,goswift.ly,55
Vontive,San Francisco,CA,52,57,-8.93,00:00.0,0,http://www.linkedin.com/company/vontive,vontive.com,55
Nucla,San Francisco,CA,8,8,0,00:00.0,0,http://www.linkedin.com/company/nucla,nucla.com,55
Retreat,San Francisco,CA,36,27,34.62,00:00.0,0,http://www.linkedin.com/company/planretreat,planretreat.com,55
Echo Labs,San Francisco,CA,93,24,279.17,00:00.0,0,http://www.linkedin.com/company/echolabsai,el.ai,55
Worksuite (formerly Shortlist),San Francisco,CA,65,69,-5.88,00:00.0,0,http://www.linkedin.com/company/worksuiteinc,worksuite.com,55
Smart IT,San Francisco,CA,115,94,22.34,00:00.0,0,http://www.linkedin.com/company/smart-it.io,smart-it.io,55
Outlier,San Francisco,CA,682,12,5475,,0,http://www.linkedin.com/company/try-outlier,tryoutlier.com,
RadiantGraph,San Francisco,CA,18,11,63.64,00:00.0,17000000,http://www.linkedin.com/company/radiantgraph,radiantgraph.com,55
PostSig,San Francisco,CA,11,3,266.67,00:00.0,0,http://www.linkedin.com/company/postsig,postsig.com,55
Pando,San Francisco,CA,18,22,-19.05,00:00.0,0,http://www.linkedin.com/company/pandohr,pandohr.com,55
Kolena,San Francisco,CA,36,43,-17.07,00:00.0,18100000,http://www.linkedin.com/company/kolena-ai,kolena.io,55
Toku,San Francisco,CA,211,151,39.86,00:00.0,0,http://www.linkedin.com/company/trytoku,hubs.ly/q024v65-0,55
Campfire,San Francisco,CA,13,9,44.44,00:00.0,4000000,http://www.linkedin.com/company/meetcampfire,meetcampfire.com,55
Taxflow,San Francisco,CA,5,,21.88,,0,http://www.linkedin.com/company/jointaxflow,jointaxflow.ai,
Prompt AI,San Francisco,CA,16,9,77.78,,0,http://www.linkedin.com/company/prompt-ai-co,promptai.co,
3RM.co,San Francisco,CA,9,15,-35.71,00:00.0,0,http://www.linkedin.com/company/3rm-co,3rm.co,55
Galileo,San Francisco,CA,121,82,47.44,00:00.0,0,http://www.linkedin.com/company/galileo-ai,rungalileo.io,55
Trimwire,San Francisco,CA,1,5,-80,00:00.0,0,http://www.linkedin.com/company/trimwire,trimwire.com,55
Pipeshift (YC S24),San Francisco,CA,16,9,77.78,00:00.0,3000000,http://www.linkedin.com/company/pipeshift,pipeshift.com,55
Startup in Stealth Mode,San Francisco,CA,32,32,0,00:00.0,0,http://www.linkedin.com/company/organization-in-stealth-mode,startupper.7linternational.com,55
Stealth AI,San Francisco,CA,21,13,61.54,00:00.0,0,http://www.linkedin.com/company/stealth-ai-2,stealth.ai,55
Roro,San Francisco,CA,53,43,23.81,00:00.0,0,http://www.linkedin.com/company/roro-solutions,roro.io,55
Daash Intelligence,San Francisco,CA,14,9,55.56,00:00.0,8250000,http://www.linkedin.com/company/daash-intelligence,daash.co,55
Beam,San Francisco,CA,18,13,38.46,,15000000,http://www.linkedin.com/company/trybeamhq,trybeam.com,
Tandem,San Francisco,CA,12,13,-7.69,00:00.0,0,http://www.linkedin.com/company/tandem-chat,tandem.chat,55
Rooster Scheduling,San Francisco,CA,28,5,440,,0,http://www.linkedin.com/company/rooster-scheduling,rooster.us,
Canal,San Francisco,CA,66,61,8.62,00:00.0,0,http://www.linkedin.com/company/shopcanal,shopcanal.com,55
Demox Labs,San Francisco,CA,11,12,-9.09,,0,http://www.linkedin.com/company/demox-labs,leo.app,
Cresicor,San Francisco,CA,95,95,0,,5600000,http://www.linkedin.com/company/cresicor,cresicor.com,
Monterra,San Francisco,CA,12,7,71.43,,0,http://www.linkedin.com/company/monterra-ai,monterra.ai,
RagaAI,San Francisco,CA,62,67,-7.58,,4690000,http://www.linkedin.com/company/raga-ai,raga.ai,
BLACKBOX.AI,San Francisco,CA,180,162,10.69,,0,http://www.linkedin.com/company/blackboxtech,blackbox.ai,
Integral,San Francisco,CA,17,14,23.08,,14800000,http://www.linkedin.com/company/integralhealthcare,useintegral.com,
Breakout,San Francisco,CA,15,10,50,00:00.0,21100000,http://www.linkedin.com/company/6598373,getbreakout.com,55
PlusPlus,San Francisco,CA,18,12,54.55,00:00.0,0,http://www.linkedin.com/company/plusplus.co,plusplus.co,55
eDRV,San Francisco,CA,15,14,7.69,00:00.0,0,http://www.linkedin.com/company/edrvio,edrv.io,55
Henry Meds,San Francisco,CA,477,289,65.37,00:00.0,0,http://www.linkedin.com/company/henry-meds,henrymeds.com,55
Klarity,San Francisco,CA,123,97,27.37,,0,http://www.linkedin.com/company/tryklarity,tryklarity.com,
TeamOhana,San Francisco,CA,40,33,22.58,00:00.0,11500000,http://www.linkedin.com/company/teamohana,teamohana.com,55
SparkPlug,San Francisco,CA,50,50,0,00:00.0,0,http://www.linkedin.com/company/sparkplugapp,sparkplug.app,55
Publica By IAS,San Francisco,CA,202,158,27.74,,0,http://www.linkedin.com/company/publica-by-ias,getpublica.com,
Prelim,San Francisco,CA,41,35,18.18,00:00.0,3710000,http://www.linkedin.com/company/prelimsolutions,prelim.com,55
Nestor,San Francisco,CA,54,39,37.84,00:00.0,6070000,http://www.linkedin.com/company/nestorup,nestorup.com,55
nodaFi,San Francisco,CA,19,6,216.67,00:00.0,3500000,http://www.linkedin.com/company/nodafi,nodafi.com,55
Pipeful,San Francisco,CA,115,8,1312.5,00:00.0,0,http://www.linkedin.com/company/pipeful,pipeful.io,55
Coding Crafts,San Francisco,CA,57,46,24.44,00:00.0,0,http://www.linkedin.com/company/codingcraftsllc,codingcrafts.io,55
Terminal49,San Francisco,CA,20,17,18.75,00:00.0,8620000,http://www.linkedin.com/company/terminal49,terminal49.com,55
Abbey Labs,San Francisco,CA,2,7,-71.43,00:00.0,0,http://www.linkedin.com/company/abbey-labs,abbey.io,55
Perfect Venue,San Francisco,CA,18,12,54.55,,0,http://www.linkedin.com/company/perfect-venue,perfectvenue.com,
STORI AI,San Francisco,CA,11,17,-35.29,00:00.0,0,http://www.linkedin.com/company/storiai,storiai.com,55
Nexus,San Francisco,CA,79,15,413.33,,27200000,http://www.linkedin.com/company/nexus,nexus.xyz,
Sprouts.ai,San Francisco,CA,134,95,40.86,00:00.0,0,http://www.linkedin.com/company/sprouts-ai,sprouts.ai,55
Dropbase,San Francisco,CA,6,6,0,00:00.0,0,http://www.linkedin.com/company/dropbase,dropbase.io,55
Jackson Square Ventures,San Francisco,CA,10,10,0,,0,http://www.linkedin.com/company/jsv-vc,jsv.com,
HappyRobot,San Francisco,CA,6,4,50,00:00.0,0,http://www.linkedin.com/company/happyrobot,happyrobot.ai,55
zbyte,San Francisco,CA,25,35,-27.27,00:00.0,0,http://www.linkedin.com/company/zbytio,zbyte.io,55
Kadence,San Francisco,CA,63,54,17.65,00:00.0,0,http://www.linkedin.com/company/kadenceos,kadence.co,55
TeachMeTo,San Francisco,CA,78,51,51.02,,7500000,http://www.linkedin.com/company/teachme-to,teachme.to,
Nue.io,San Francisco,CA,84,55,53.85,00:00.0,0,http://www.linkedin.com/company/nue-io,nue.io,55
Inngest,San Francisco,CA,16,12,33.33,,14800000,http://www.linkedin.com/company/inngest-inc,inngest.com,
Rubber Ducky Labs (YC W23),San Francisco,CA,4,3,33.33,00:00.0,0,http://www.linkedin.com/company/rubber-ducky-labs,rubberduckylabs.io,55
Privado.ai,San Francisco,CA,329,228,44.24,00:00.0,0,http://www.linkedin.com/company/privado-ai,privado.ai,55
Default,San Francisco,CA,66,53,25,00:00.0,0,http://www.linkedin.com/company/withdefault,default.com,55
Tenor,San Francisco,CA,8,2,300,00:00.0,0,http://www.linkedin.com/company/tenorhq,tenorhq.com,55
Heard,San Francisco,CA,83,84,-1.25,00:00.0,26700000,http://www.linkedin.com/company/joinheardinc,joinheard.com,55
Replicate,San Francisco,CA,49,14,242.86,00:00.0,57900000,http://www.linkedin.com/company/replicate,replicate.com,55
NachoNacho,San Francisco,CA,24,19,27.78,00:00.0,0,http://www.linkedin.com/company/nachonacho,nachonacho.com,55
Middleware (YC W23),San Francisco,CA,58,49,17.02,00:00.0,7000000,http://www.linkedin.com/company/middleware-labs,middleware.io,55
Flike,San Francisco,CA,2,13,-83.33,,0,http://www.linkedin.com/company/goflike,flike.app,
Trendsi,San Francisco,CA,64,59,8.93,00:00.0,0,http://www.linkedin.com/company/trendsi,trendsi.com,55
andAI,San Francisco,CA,10,2,400,00:00.0,0,http://www.linkedin.com/company/and-ai,tryandai.com,55
Dynaboard,San Francisco,CA,5,17,-68.75,00:00.0,0,http://www.linkedin.com/company/dynaboard,dynaboard.com,55
Mentum,San Francisco,CA,15,8,75,,0,http://www.linkedin.com/company/mentum-inc,getmentum.com,
Ubicloud,San Francisco,CA,17,11,54.55,00:00.0,16500000,http://www.linkedin.com/company/ubicloud,ubicloud.com,55
GoodOnes,San Francisco,CA,15,2,600,00:00.0,0,http://www.linkedin.com/company/goodonesapp,goodones.app,55
Hospitable.com,San Francisco,CA,93,53,75,00:00.0,0,http://www.linkedin.com/company/hospitable,hospitable.com,55
Neon,San Francisco,CA,18,15,20,00:00.0,14000000,http://www.linkedin.com/company/neonpay,neonpay.com,55
Sphere,San Francisco,CA,12,22,-47.62,,0,http://www.linkedin.com/school/getsphere,getsphere.com,
Openlayer,San Francisco,CA,16,6,150,00:00.0,19300000,http://www.linkedin.com/company/openlayerco,openlayer.com,55
SuprSend,San Francisco,CA,15,14,7.69,00:00.0,0,http://www.linkedin.com/company/suprsend,suprsend.com,55
Dagster Labs,San Francisco,CA,87,68,26.87,00:00.0,0,http://www.linkedin.com/company/dagsterlabs,dagsterlabs.com,55
Niantic,San Francisco,CA,1047,954,9.68,00:00.0,780000000,http://www.linkedin.com/company/niantic,nianticlabs.com,55
P0 Security,San Francisco,CA,20,11,81.82,00:00.0,20000000,http://www.linkedin.com/company/p0-security,p0.dev,55
Prelay,San Francisco,CA,13,16,-18.75,00:00.0,0,http://www.linkedin.com/company/prelayhq,prelay.com,55
Foxglove,San Francisco,CA,44,33,35.48,,18700000,http://www.linkedin.com/company/foxglovedev,foxglove.dev,
Lekko,San Francisco,CA,3,6,-50,,0,http://www.linkedin.com/company/lekkodev,lekko.com,
Trebellar,San Francisco,CA,17,18,-5.88,00:00.0,3500000,http://www.linkedin.com/company/trebellar,trebellar.com,55
TakeProfit,San Francisco,CA,37,40,-7.69,00:00.0,9700000,http://www.linkedin.com/company/takeprofit,takeprofit.com,55
Unum ID,San Francisco,CA,16,15,7.14,,0,http://www.linkedin.com/company/unum-id,unumid.co,
Graft,San Francisco,CA,34,22,52.38,00:00.0,0,http://www.linkedin.com/company/graftinc,graft.com,55
Antimatter,San Francisco,CA,22,14,61.54,00:00.0,0,http://www.linkedin.com/company/antimattertechnologies,antimatter.io,55
Factor Hardware,San Francisco,CA,22,16,31.25,00:00.0,0,http://www.linkedin.com/company/factorhardware,factorhardware.com,55
Paper.xyz,San Francisco,CA,6,17,-62.5,00:00.0,0,http://www.linkedin.com/company/paperxyz,paper.xyz,55
Platformatic,San Francisco,CA,17,12,45.45,00:00.0,7800000,http://www.linkedin.com/company/platformatic,platformatic.dev,55
Fractalis,San Francisco,CA,4,4,0,00:00.0,0,http://www.linkedin.com/company/fractalis-inc,fractal.is,55
Journify,San Francisco,CA,14,11,27.27,00:00.0,0,http://www.linkedin.com/company/journifyio,journify.io/book-a-call,55
Rizort,San Francisco,CA,4,3,33.33,00:00.0,0,http://www.linkedin.com/company/rizort,rizort.com,55
Northbeam,San Francisco,CA,65,58,12.73,00:00.0,17600000,http://www.linkedin.com/company/northbeam,northbeam.io,55
Channel99,San Francisco,CA,19,13,50,00:00.0,0,http://www.linkedin.com/company/channel-99-inc,channel99.com,55
Martian,San Francisco,CA,26,14,78.57,00:00.0,9000000,http://www.linkedin.com/company/withmartian,withmartian.com,55
NocoDB,San Francisco,CA,14,14,0,00:00.0,0,http://www.linkedin.com/company/nocodb,nocodb.com,55
Reejig,San Francisco,CA,42,71,-41.43,00:00.0,0,http://www.linkedin.com/company/reejig,reejig.com,55
Amplemarket,San Francisco,CA,104,84,24.39,00:00.0,0,http://www.linkedin.com/company/amplemarket,amplemarket.com,55
Fast Break Labs,San Francisco,CA,3,17,-81.25,,0,http://www.linkedin.com/company/fast-break-labs,fastbreaklabs.com,
Zapier,San Francisco,CA,1210,1136,6.47,00:00.0,1400000,http://www.linkedin.com/company/zapier,zapier.com,55
Class Companion,San Francisco,CA,12,9,22.22,,0,http://www.linkedin.com/company/classcompanion,classcompanion.com,
Ensis AI,San Francisco,CA,8,9,-11.11,00:00.0,0,http://www.linkedin.com/company/ensis-ai,ensis.ai,55
Kraftful,San Francisco,CA,18,16,13.33,,0,http://www.linkedin.com/company/kraftful,kraftful.com,
Revvable,San Francisco,CA,8,17,-50,00:00.0,0,http://www.linkedin.com/company/revvable,revvable.com,55
Hatica,San Francisco,CA,29,36,-17.65,00:00.0,6420000,http://www.linkedin.com/company/hatica,hatica.io,55
CNaught,San Francisco,CA,11,6,83.33,00:00.0,0,http://www.linkedin.com/company/cnaught,cnaught.com,55
4CRisk.ai,San Francisco,CA,44,41,7.69,00:00.0,8000000,http://www.linkedin.com/company/4crisk,4crisk.ai,55
Amplifier Security,San Francisco,CA,16,13,23.08,00:00.0,8800000,http://www.linkedin.com/company/amplifier-security,amplifiersecurity.com,55
Beam,San Francisco,CA,15,7,100,,0,http://www.linkedin.com/company/usebeam,usebeam.co,
Postman,San Francisco,CA,2202,2073,6.23,00:00.0,433000000,http://www.linkedin.com/company/postman-platform,getpostman.com,55
FERMT,San Francisco,CA,91,50,81.25,,0,http://www.linkedin.com/company/fermat-commerce,fermatcommerce.com,
Bardeen,San Francisco,CA,43,45,-4.65,00:00.0,21800000,http://www.linkedin.com/company/bardeen,bardeen.ai,55
Makelog,San Francisco,CA,4,6,-33.33,,0,http://www.linkedin.com/company/makelog,makelog.com,
Kaya,San Francisco,CA,22,25,-12.5,00:00.0,0,http://www.linkedin.com/company/kaya-co,joinkaya.com,55
SkillCat,San Francisco,CA,61,58,5.26,00:00.0,0,http://www.linkedin.com/company/skillcat,skillcatapp.com,55
PassRight - U.S. Visa,San Francisco,CA,14,1,1300,,0,http://www.linkedin.com/company/passright,passright.com,
Svix,San Francisco,CA,16,7,114.29,00:00.0,0,http://www.linkedin.com/company/svix,svix.com,55
KeepTruckin,San Francisco,CA,4131,4140,-0.23,00:00.0,567300000,http://www.linkedin.com/company/keep-truckin,keeptruckin.com,55
Pavilion,San Francisco,CA,56,44,27.91,00:00.0,0,http://www.linkedin.com/company/withpavilion,withpavilion.com,55
Tingono (Stealth),San Francisco,CA,8,14,-38.46,00:00.0,0,http://www.linkedin.com/company/tingono,tingono.com,55
Supabase,San Francisco,Ca,135,90,50.62,00:00.0,398000000,http://www.linkedin.com/company/supabase,supabase.com,55
Luma AI,San Francisco,CA,166,55,202.08,00:00.0,114000000,http://www.linkedin.com/company/luma-ai,lumalabs.ai,55
Cortex,San Francisco,CA,138,96,44.33,00:00.0,113000000,http://www.linkedin.com/company/cortexapp,cortex.io,55
Watershed,San Francisco,CA,580,432,34.12,00:00.0,210000000,http://www.linkedin.com/company/watershedclimate,watershed.com,55
Omni,San Francisco,CA,551,370,48.94,00:00.0,116,http://www.linkedin.com/company/exploreomni,exploreomni.com,55
Polyhedra Network,San Francisco,CA,23,17,41.18,,45000000,http://www.linkedin.com/company/polyhedrazk,polyhedra.network,
Semgrep,San Francisco,CA,187,161,16.22,00:00.0,0,http://www.linkedin.com/company/semgrep,semgrep.dev,55
Agency,San Francisco,CA,426,59,629.55,00:00.0,500000,http://www.linkedin.com/company/aistaff,agen.cy,55
Ema Unlimited,San Francisco,CA,121,38,225,00:00.0,75000000,http://www.linkedin.com/company/ema-unlimited,ema.co,55
Spait Infotech,San Francisco,CA,319,66,382.61,00:00.0,0,http://www.linkedin.com/company/spait-infotech2024,spaitinfotech.com,55
Tessell,San Francisco,CA,164,138,18.7,00:00.0,0,http://www.linkedin.com/company/tessell-inc,tessell.com,55
Topsort,San Francisco,CA,107,63,69.81,00:00.0,43200000,http://www.linkedin.com/company/topsort,topsort.com,55
Metronome,San Francisco,CA,135,100,34.69,00:00.0,130000000,http://www.linkedin.com/company/getmetronome,metronome.com,55
Zocks | AI for Advisors,San Francisco,CA,43,21,100,00:00.0,19300000,http://www.linkedin.com/company/zocks,zocks.io,55
Phantom,San Francisco,CA,256,155,64.86,00:00.0,268000000,http://www.linkedin.com/company/phantomwallet,phantom.app,55
KittyCAD,San Francisco,CA,140,58,141.82,00:00.0,5120000,http://www.linkedin.com/company/kittycad,kittycad.io,55
Willo,San Francisco,CA,56,43,29.27,00:00.0,37200000,http://www.linkedin.com/company/willovideo,willo.video,55
Tavus,San Francisco,CA,41,34,21.88,00:00.0,28200000,http://www.linkedin.com/company/tavus-io,tavus.io,55
Aampe,San Francisco,CA,37,20,84.21,00:00.0,27300000,http://www.linkedin.com/company/aampe,aampe.com,55
Clerk Chat,San Francisco,CA,56,23,139.13,00:00.0,7000000,http://www.linkedin.com/company/clerk-chat,clerk.chat,55
Factory,San Francisco,CA,632,285,122.22,00:00.0,150000,http://www.linkedin.com/company/factory-hq,factory.ai,55
Speakeasy,San Francisco,CA,46,19,144.44,00:00.0,37500000,http://www.linkedin.com/company/speakeasyapi,speakeasyapi.dev,55
ChangeEngine,San Francisco,CA,224,122,83.33,00:00.0,15500000,http://www.linkedin.com/company/changeengine,changeengine.com,55
Savant Labs,San Francisco,CA,50,35,45.45,00:00.0,28800000,http://www.linkedin.com/company/savant-labs,savantlabs.io,55
Admin By Request,San Francisco,CA,104,43,142.86,,0,http://www.linkedin.com/company/adminbyrequest,adminbyrequest.com/en/freeplandownload,
Ansa,San Francisco,CA,31,23,30.43,00:00.0,19400000,http://www.linkedin.com/company/getansa,ansa.dev,55
ToolJet,San Francisco,CA,58,45,27.91,00:00.0,6160000,http://www.linkedin.com/company/tooljet,tooljet.com,55
Elly Analytics,San Francisco,CA,38,31,23.33,00:00.0,2000000,http://www.linkedin.com/company/elly-analytics,ellyanalytics.com,55
Reflex,San Francisco,CA,32,16,93.75,00:00.0,,http://www.linkedin.com/company/reflex-dev,reflex.dev,55
Valdera,San Francisco,CA,30,27,11.54,,20500000,http://www.linkedin.com/company/valdera,valdera.com,
Vultron,San Francisco,CA,31,16,87.5,,0,http://www.linkedin.com/company/vultron,vultron.ai,
Exa,San Francisco,CA,58,31,90,,25700000,http://www.linkedin.com/company/exa-ai,exa.ai,
TeamBridge,San Francisco,CA,58,31,90,00:00.0,41100000,http://www.linkedin.com/company/team-bridge,teambridge.com,55
Remofirst,San Francisco,CA,128,95,35.56,00:00.0,39300000,http://www.linkedin.com/company/remofirst,remofirst.com,55
Fondo,San Francisco,CA,103,78,32.43,,0,http://www.linkedin.com/company/fondohq,tryfondo.com,
Coalesce.io,San Francisco,CA,117,95,23.33,00:00.0,81900000,http://www.linkedin.com/company/coalesceio,coalesce.io,55
Polycam,San Francisco,CA,48,31,56.67,00:00.0,22100000,http://www.linkedin.com/company/polycam,poly.cam,55
Chalk,San Francisco,CA,90,48,87.5,,10000000,http://www.linkedin.com/company/chalkai,chalk.ai,
Weights and Biases,San Francisco,CA,319,258,23.72,00:00.0,250000000,http://www.linkedin.com/company/weights-biases,wandb.ai,55
Weights and Biases,San Francisco,CA,318,258,23.32,,0,http://www.linkedin.com/company/wandb,wandb.ai,
Vividly (formerly Cresicor),San Francisco,CA,129,111,15.6,,63900000,http://www.linkedin.com/company/govividly,govividly.com,
Gyaan,San Francisco,CA,49,33,50,00:00.0,0,http://www.linkedin.com/company/gyaanai,gyaan.ai,55
Conveyor,San Francisco,CA,50,34,48.48,00:00.0,19000000,http://www.linkedin.com/company/conveyorhq,conveyor.com,55
Adastec Corp.,San Francisco,CA,84,74,12.33,00:00.0,10100000,http://www.linkedin.com/company/adastec,adastec.com,55
Humand,San Francisco,CA,277,150,85.03,00:00.0,0,http://www.linkedin.com/company/humand-co,humand.co,55
Mermaid Chart,San Francisco,CA,23,17,35.29,00:00.0,7500000,http://www.linkedin.com/company/mermaid-chart,mermaidchart.com,55
Darwinium,San Francisco,CA,46,34,37.5,,28500000,http://www.linkedin.com/company/darwinium,darwinium.com,
Optery,San Francisco,CA,46,35,33.33,00:00.0,3200000,http://www.linkedin.com/company/optery,optery.com,55
Cosine,San Francisco,CA,21,16,31.25,,4000000,http://www.linkedin.com/company/cosine-ai,cosine.sh,
Zingly.ai,San Francisco,CA,21,16,31.25,00:00.0,18400000,http://www.linkedin.com/company/zingly-ai,zingly.ai,55
VESSL AI,San Francisco,CA,38,29,32.14,00:00.0,16400000,http://www.linkedin.com/company/vesslai,vessl.ai,55
Gradient,San Francisco,CA,38,29,32.14,00:00.0,89400000,http://www.linkedin.com/company/gradient-ai-platform,gradient.ai,55
Harbour,San Francisco,CA,35,27,30.77,00:00.0,20200000,http://www.linkedin.com/company/harbourshare,harbourshare.com,55
Parspec,San Francisco,CA,54,42,29.27,00:00.0,35000000,http://www.linkedin.com/company/parspec,parspec.io,55
OmniML,San Jose,CA,4,20,-78.95,00:00.0,0,http://www.linkedin.com/company/omniml,omniml.ai,55
Certinia,San Jose,CA,881,834,5.62,00:00.0,508000000,http://www.linkedin.com/company/certinia,certinia.com,55
Securiti,San Jose,CA,1018,808,26.01,00:00.0,0,http://www.linkedin.com/company/securitiai,securiti.aiexternal,55
Cadence System Design and Analysis,San Jose,CA,73,59,24.14,00:00.0,0,http://www.linkedin.com/company/cadencesda,cadence.com/content/cadence-www/global/en_us/home/tools/pcb-design-and-analysis.html,55
Finxera,San Jose,CA,247,211,16.91,00:00.0,0,http://www.linkedin.com/company/bancbox,cftpay.com,55
Adobe Learning Manager,San Jose,CA,99,79,25.97,00:00.0,0,http://www.linkedin.com/company/adobe-learning-manager,business.adobe.com/products/learning-manager/adobe-learning-manager.html,55
Nile,San Jose,CA,1181,720,63.99,00:00.0,315000000,http://www.linkedin.com/company/nilesecure,nilesecure.com,55
CyberLink Corp.,San Jose,CA,668,,21.88,00:00.0,0,,cyberlink.com,55
Splashtop,San Jose,CA,330,320,2.95,00:00.0,114000000,http://www.linkedin.com/company/splashtop,splashtop.com,55
coxwave,San Jose,CA,26,19,31.58,,0,http://www.linkedin.com/company/coxwave,coxwave.com,
Kognitos,San Jose,CA,83,58,43.64,,53800000,http://www.linkedin.com/company/kognitos,kognitos.com,
Powerhouse,San Jose,CA,98,68,43.28,00:00.0,0,http://www.linkedin.com/company/powerhouseinc,powerhouse.so,55
LightBeam.ai,San Jose,CA,77,56,36.36,,22300000,http://www.linkedin.com/company/lightbeamai,lightbeam.ai,
DisplayRide,San Jose,CA,6,8,-25,,0,http://www.linkedin.com/company/displayride-inc,displayride.com,
ParkourSC,San Jose,CA,64,44,45.24,00:00.0,0,http://www.linkedin.com/company/parkoursc,parkoursc.com,55
Trango Tech,San Jose,CA,53,40,33.33,00:00.0,0,http://www.linkedin.com/company/trangotech,trangotech.com,55
Komplyd,San Jose,CA,12,7,57.14,,0,http://www.linkedin.com/company/komplyd,komplyd.com,
Tabular,San Jose,CA,25,54,-52.94,00:00.0,37000000,http://www.linkedin.com/company/tabular-io,tabular.io,55
Adobe Technical Communication,San Jose,CA,56,46,22.22,00:00.0,0,http://www.linkedin.com/company/adobetcs,adobe.com/products/one-adobe-solution-for-technical-content.html,55
Andolasoft,San Jose,CA,153,140,9.29,00:00.0,0,http://www.linkedin.com/company/andolasoft-inc,andolasoft.com,55
AccuChain,San Jose,CA,2,5,-60,00:00.0,450900000,http://www.linkedin.com/company/accuchain,accuchain.com,55
Field Materials,San Jose,CA,29,18,64.71,00:00.0,18600000,http://www.linkedin.com/company/fieldmaterials,fieldmaterials.com,55
DuploCloud,San Jose,CA,149,105,42,00:00.0,49200000,http://www.linkedin.com/company/duplocloud,duplocloud.com,55
Squint,San Jose,CA,57,32,80.65,00:00.0,19000000,http://www.linkedin.com/company/squintai,squint.ai,55
Spec,San Jose,CA,147,118,25,00:00.0,29700000,http://www.linkedin.com/company/specprotected,specprotected.com,55
Dellfer,San Mateo,CA,13,17,-25,00:00.0,10000000,http://www.linkedin.com/company/dellfer,dellfer.com,55
Firework,San Mateo,CA,439,441,-0.48,00:00.0,0,http://www.linkedin.com/company/fireworkhq,firework.com,55
The Modern Data Company,San Mateo,CA,135,123,9.09,00:00.0,0,http://www.linkedin.com/company/themoderndatacompany,themoderndatacompany.com,55
Signadot,San Mateo,CA,8,5,60,,0,http://www.linkedin.com/company/signadot,signadot.com,
zarta,San Mateo,CA,2,4,-50,00:00.0,0,http://www.linkedin.com/company/zarta,zarta.com,55
GoodGist,San Mateo,CA,22,15,46.67,00:00.0,1000000,http://www.linkedin.com/company/goodgist,goodgist.com,55
Wellpay,San Mateo,CA,6,7,-14.29,00:00.0,0,http://www.linkedin.com/company/wellpay,wellpay.care,55
Arcion Labs,San Mateo,CA,14,13,8.33,00:00.0,18200000,http://www.linkedin.com/company/arcionlabs,arcion.io,55
Gated,San Mateo,CA,43,58,-25.45,00:00.0,0,http://www.linkedin.com/company/gated,gated.com,55
ShapesXR,San Mateo,CA,23,28,-18.52,00:00.0,8600000,http://www.linkedin.com/company/shapesxr,shapesxr.com,55
Pulsora,San Mateo,CA,113,116,-2.63,,33000000,http://www.linkedin.com/company/pulsora,pulsora.com,
Camio,San Mateo,CA,20,30,-34.48,00:00.0,0,http://www.linkedin.com/company/camiolog,camio.com,55
Metadome (formerly Adloid),San Mateo,CA,84,66,26.15,00:00.0,0,http://www.linkedin.com/company/metadome,metadome.ai,55
Uplimit,San Mateo,CA,69,60,15.25,00:00.0,19500000,http://www.linkedin.com/company/uplimit-education,uplimit.com,55
Boon,San Mateo,CA,42,16,156.25,00:00.0,20500000,http://www.linkedin.com/company/boon-technologies-inc,getboon.ai,55
Bright,San Rafael,CA,167,140,19.55,00:00.0,0,http://www.linkedin.com/company/brightappsec,brightsec.com,55
Subskribe,San Ramon,CA,38,42,-10,00:00.0,0,http://www.linkedin.com/company/subskribe,subskribe.com,55
IntelliBuddies,San Ramon,CA,17,17,0,00:00.0,0,http://www.linkedin.com/company/intellibuddies,intellibuddies.com,55
AiDEN Auto,San Ramon,CA,19,20,-5,,11000000,http://www.linkedin.com/company/aidenauto,aidenauto.com,
Secuvy,San Ramon,CA,28,9,200,00:00.0,0,http://www.linkedin.com/company/secuvy,secuvy.ai,55
Plateron,San Ramon,CA,58,42,39.02,00:00.0,0,http://www.linkedin.com/company/plateron,plateron.com,55
Iteris,Santa Ana,CA,653,646,0.96,00:00.0,6500000,http://www.linkedin.com/company/iteris-inc-,iteris.com,55
Cognixion,Santa Barbara,CA,38,49,-23.4,00:00.0,14800000,http://www.linkedin.com/company/cognixion,one.cognixion.com,55
Sidero Labs,Santa Barbara,CA,19,13,46.15,00:00.0,8700000,http://www.linkedin.com/company/sidero-labs,siderolabs.com,55
Live Data Technologies,Santa Barbara,CA,34,250,-86.55,00:00.0,9900000,http://www.linkedin.com/company/gotlivedata,livedatatechnologies.com,55
Xurrent,Santa Barbara,CA,128,92,38.89,00:00.0,0,http://www.linkedin.com/company/xurrent,xurrent.com,55
BuyerCaddy,Santa Barbara,CA,14,14,0,,4850000,http://www.linkedin.com/company/buyercaddy,buyercaddy.com,
RKVST,Santa Clara,CA,35,38,-8.33,00:00.0,7500000,http://www.linkedin.com/company/rkvst,rkvst.com,55
Auradine,Santa Clara,CA,77,60,28.07,,343000000,http://www.linkedin.com/company/auradine,auradine.com,
InfinyOn,Santa Clara,CA,15,18,-17.65,00:00.0,0,http://www.linkedin.com/company/infinyon,infinyon.com,55
techjays,Santa Clara,CA,158,130,22.05,00:00.0,0,http://www.linkedin.com/company/techjays,techjays.com,55
Dell EMC XtremIO,Santa Clara,CA,420,417,0.73,00:00.0,0,http://www.linkedin.com/company/xtremio,emc.com/en-us/storage/xtremio/benefits.htm,55
3nets.io,Santa Clara,CA,6,20,-68.42,00:00.0,0,http://www.linkedin.com/company/3nets-io,3nets.io,55
ThoughtSphere,Santa Clara,CA,38,27,38.46,00:00.0,14000000,http://www.linkedin.com/company/thoughtsphere-inc,thoughtsphere.com,55
Airvine,Santa Clara,CA,29,26,12,00:00.0,26600000,http://www.linkedin.com/company/airvine,airvine.com,55
PuppyGraph,Santa Clara,CA,18,17,5.88,00:00.0,5000000,http://www.linkedin.com/company/puppygraph,puppygraph.com,55
Humankind,Santa Monica,CA,23,25,-8.33,00:00.0,0,http://www.linkedin.com/company/humankindtechnologies,hubs.ly/q015psy-0,55
NVISIONx,Santa Monica,CA,12,8,37.5,00:00.0,0,http://www.linkedin.com/company/nvisnx,nvisionx.ai,55
tap.,Santa Monica,CA,29,43,-31.71,00:00.0,0,http://www.linkedin.com/company/tap-ec,tap.ec,55
Spark Creative Play,Santa Monica,CA,8,13,-33.33,00:00.0,0,http://www.linkedin.com/company/sparkcreativeplay,playspark.art,55
Toucan (JoinToucan.com),Santa Monica,CA,4,5,-20,00:00.0,0,http://www.linkedin.com/company/jointoucan,bit.ly/3qkztqv,55
Vama,Santa Monica,CA,64,28,133.33,00:00.0,0,http://www.linkedin.com/company/vama-chat,vama.com,55
LeadrPro,Santa Monica,CA,9,18,-47.06,,0,http://www.linkedin.com/company/leadrpro,leadrpro.com,
Voyage SMS,Santa Monica,CA,15,34,-56.25,00:00.0,10000000,http://www.linkedin.com/company/voyage-sms,voyagesms.com,55
Zitti,Santa Monica,CA,32,27,15.38,,0,http://www.linkedin.com/company/zitti,zitti.com,
Upfront Ventures,Santa Monica,CA,46,48,-4.26,00:00.0,1740000,http://www.linkedin.com/company/upfront-ventures,upfront.com,55
Workorder,Santa Monica,CA,7,9,-22.22,00:00.0,0,http://www.linkedin.com/company/workorder,workorder.ai,55
Keeta,Santa Monica,CA,15,18,-17.65,00:00.0,31700000,http://www.linkedin.com/company/keetapay,keeta.com,55
Certa.ai,Saratoga,CA,207,226,-8.56,00:00.0,52300000,http://www.linkedin.com/company/getcerta,certa.ai,55
Applied Business Software,Signal Hill,CA,69,51,36,00:00.0,0,http://www.linkedin.com/company/the-mortgage-office,themortgageoffice.comexternal,55
Lumos,San Jose,CA,156,106,47.52,00:00.0,65300000,http://www.linkedin.com/company/lumosidentity,lumos.com,55
Alvys,Solana Beach,CA,153,116,31.58,,26800000,http://www.linkedin.com/company/alvysinc,alvys.com,
Notebook Labs (YC S22),Stanford,CA,5,5,0,00:00.0,0,http://www.linkedin.com/company/notebook-labs,notebooklabs.xyz,55
Akuity,Sunnyvale,CA,32,22,42.86,00:00.0,0,http://www.linkedin.com/company/akuityio,akuity.io,55
FlashGrid,Sunnyvale,CA,17,18,-5.56,00:00.0,0,http://www.linkedin.com/company/flashgrid,flashgrid.io,55
DocSpera,Sunnyvale,CA,23,25,-8.33,00:00.0,0,http://www.linkedin.com/company/docspera,docspera.com,55
Yugabyte,Sunnyvale,CA,552,507,8.9,00:00.0,291000000,http://www.linkedin.com/company/yugabyte,yugabyte.com,55
Visbit,Sunnyvale,CA,10,10,0,00:00.0,0,http://www.linkedin.com/company/visbit-inc-,visbit.co,55
Cloudtenna,Sunnyvale,CA,1,1,0,00:00.0,0,http://www.linkedin.com/company/cloudtenna,cloudtenna.com,55
Chkk,Sunnyvale,CA,12,8,50,00:00.0,0,http://www.linkedin.com/company/chkk-io,chkk.io,55
Digma,Sunnyvale,CA,14,16,-13.33,00:00.0,6510000,http://www.linkedin.com/company/digma-ai,digma.ai,55
FedML,Sunnyvale,CA,21,18,17.65,00:00.0,0,http://www.linkedin.com/company/fedml,fedml.ai,55
BlueFlag Security,Sunnyvale,CA,23,16,43.75,00:00.0,11500000,http://www.linkedin.com/company/blueflag-security,blueflagsecurity.com,55
Digital Foundry,Tiburon,CA,57,60,-5,00:00.0,0,http://www.linkedin.com/company/digital-foundry,digitalfoundry.com,55
MOTER Technologies,Torrance,CA,57,46,24.44,00:00.0,0,http://www.linkedin.com/company/moter-technologies,moter.ai,55
jellibeans,Tustin,CA,8,10,-20,00:00.0,0,http://www.linkedin.com/company/jellibeans,jellibeans.com,55
Stell,Venice,CA,17,8,100,00:00.0,0,http://www.linkedin.com/company/stell-engineering,stell-engineering.com,55
Superfiliate,Venice,CA,58,34,71.88,00:00.0,8530000,http://www.linkedin.com/company/superfiliate,superfiliate.com,55
CallHub,Walnut,CA,101,87,16.47,00:00.0,0,http://www.linkedin.com/company/callhub.io,callhub.io,55
Zumen,Walnut,CA,38,32,19.35,,0,http://www.linkedin.com/company/zumen,zumen.com,
interface.ai,Walnut,CA,226,180,26.14,00:00.0,30000000,http://www.linkedin.com/company/interface-ai,interface.ai,55
CodeRabbit,Walnut Creek,CA,35,8,325,00:00.0,19600000,http://www.linkedin.com/company/coderabbitai,coderabbit.ai,55
Farm-ng,Watsonville,CA,34,29,17.86,00:00.0,16200000,http://www.linkedin.com/company/farm-ng,store.farm-ng.com,55
Revnue,West Covina,CA,105,84,25.61,00:00.0,0,http://www.linkedin.com/company/revnuecorp,revnue.com,55
Tungsten Automation,West Hollywood,CA,797,541,47.36,,0,http://www.linkedin.com/company/tungstenautomation,tungstenautomation.com,
AMPAworks,West Hollywood,CA,9,9,0,00:00.0,0,http://www.linkedin.com/company/ampaworks,ampaworks.com,55
Skylab,West Hollywood,CA,54,44,23.26,00:00.0,0,http://www.linkedin.com/company/skylab-x,skylabx.com,55